folder,depth,objects_recursive,size_bytes_recursive,size_GB_recursive
processed,1,311301,62546581801,58.25104359630495
raw,1,961,95833339590,89.25175256095827
features,1,173,802439212,0.7473297528922558
manifests,1,42,1602909,0.001492825336754322
logs,1,28,548644,0.0005109645426273346
processed/keyframes,2,311174,62192293398,57.92108680866659
raw/source=kaggle,2,961,95833339590,89.25175256095827
features/extractors,2,163,738316336,0.6876106709241867
processed/keyframes_manifests,2,124,353878906,0.3295754138380289
manifests/pipeline=kaggle_ingest,2,42,1602909,0.001492825336754322
logs/pipeline=kaggle_ingest,2,28,548644,0.0005109645426273346
features/import_bundles,2,7,18578,1.730211079120636e-05
features/patches,2,3,64104298,0.05970177985727787
processed/feature-annotations,2,3,409497,0.0003813738003373146
processed/keyframes/dataset=ai_challenge_2025,3,311174,62192293398,57.92108680866659
raw/source=kaggle/dataset=ai_challenge_2025,3,961,95833339590,89.25175256095827
features/extractors/dataset=ai_challenge_2025,3,163,738316336,0.6876106709241867
processed/keyframes_manifests/dataset=ai_challenge_2025,3,124,353878906,0.3295754138380289
features/import_bundles/dataset=ai_challenge_2025,3,7,18578,1.730211079120636e-05
features/patches/dataset=ai_challenge_2025,3,3,64104298,0.05970177985727787
manifests/pipeline=kaggle_ingest/run_id=20260701T114411Z_ebe016fc,3,3,2663,2.4801120162010193e-06
manifests/pipeline=kaggle_ingest/run_id=20260702T134541Z_b6d0cb2f,3,3,27176,2.5309622287750244e-05
manifests/pipeline=kaggle_ingest/run_id=20260702T141333Z_80c68882,3,3,87542,8.152984082698822e-05
manifests/pipeline=kaggle_ingest/run_id=20260702T142821Z_938002a0,3,3,87533,8.152145892381668e-05
manifests/pipeline=kaggle_ingest/run_id=20260702T144306Z_36d77b92,3,3,87533,8.152145892381668e-05
manifests/pipeline=kaggle_ingest/run_id=20260702T145752Z_289afff3,3,3,87533,8.152145892381668e-05
manifests/pipeline=kaggle_ingest/run_id=20260702T151354Z_b1475415,3,3,87533,8.152145892381668e-05
manifests/pipeline=kaggle_ingest/run_id=20260707T023233Z_257cc35d,3,3,1796,1.6726553440093994e-06
manifests/pipeline=kaggle_ingest/run_id=20260707T100137Z_c3caedb8,3,3,3269,3.0444934964179993e-06
manifests/pipeline=kaggle_ingest/run_id=20260707T100546Z_5c261ae3,3,3,2656,2.473592758178711e-06
manifests/pipeline=kaggle_ingest/run_id=20260707T102455Z_b92f8031,3,3,27167,2.5301240384578705e-05
manifests/pipeline=kaggle_ingest/run_id=20260707T104254Z_3ee11a1c,3,3,87534,8.15223902463913e-05
manifests/pipeline=kaggle_ingest/run_id=20260707T105953Z_0de2cb82,3,3,3252,3.028661012649536e-06
manifests/pipeline=kaggle_ingest/run_id=20260707T132640Z_6e747af8,3,3,1009722,0.0009403768926858902
processed/feature-annotations/fe-vector-embedding-v1,3,3,409497,0.0003813738003373146
logs/pipeline=kaggle_ingest/run_id=20260701T114411Z_ebe016fc,3,2,1493,1.3904646039009094e-06
logs/pipeline=kaggle_ingest/run_id=20260702T134541Z_b6d0cb2f,3,2,10171,9.472481906414032e-06
logs/pipeline=kaggle_ingest/run_id=20260702T141333Z_80c68882,3,2,31527,2.936180680990219e-05
logs/pipeline=kaggle_ingest/run_id=20260702T142821Z_938002a0,3,2,29074,2.7077272534370422e-05
logs/pipeline=kaggle_ingest/run_id=20260702T144306Z_36d77b92,3,2,29074,2.7077272534370422e-05
logs/pipeline=kaggle_ingest/run_id=20260702T145752Z_289afff3,3,2,29074,2.7077272534370422e-05
logs/pipeline=kaggle_ingest/run_id=20260702T151354Z_b1475415,3,2,29074,2.7077272534370422e-05
logs/pipeline=kaggle_ingest/run_id=20260707T023233Z_257cc35d,3,2,1200,1.1175870895385742e-06
logs/pipeline=kaggle_ingest/run_id=20260707T100137Z_c3caedb8,3,2,1275,1.1874362826347351e-06
logs/pipeline=kaggle_ingest/run_id=20260707T100546Z_5c261ae3,3,2,1444,1.344829797744751e-06
logs/pipeline=kaggle_ingest/run_id=20260707T102455Z_b92f8031,3,2,9460,8.810311555862427e-06
logs/pipeline=kaggle_ingest/run_id=20260707T104254Z_3ee11a1c,3,2,29082,2.7084723114967346e-05
logs/pipeline=kaggle_ingest/run_id=20260707T105953Z_0de2cb82,3,2,1249,1.1632218956947327e-06
logs/pipeline=kaggle_ingest/run_id=20260707T132640Z_6e747af8,3,2,345447,0.0003217225894331932
processed/keyframes/dataset=ai_challenge_2025/batch=L26,4,154740,27799736014,25.89052171818912
processed/keyframes/dataset=ai_challenge_2025/batch=L25,4,36342,6501623407,6.055108650587499
processed/keyframes/dataset=ai_challenge_2025/batch=L22,4,31243,6890265476,6.417059782892466
processed/keyframes/dataset=ai_challenge_2025/batch=L21,4,25610,5570275915,5.18772370647639
processed/keyframes/dataset=ai_challenge_2025/batch=L28,4,16026,3936209377,3.6658806512132287
processed/keyframes/dataset=ai_challenge_2025/batch=L29,4,15101,3991804571,3.7176577104255557
processed/keyframes/dataset=ai_challenge_2025/batch=L30,4,13374,2743220070,2.554822778329253
processed/keyframes/dataset=ai_challenge_2025/batch=L27,4,8980,2271085801,2.1151134753599763
processed/keyframes/dataset=ai_challenge_2025/batch=L24,4,7219,1888775304,1.7590590789914131
processed/keyframes/dataset=ai_challenge_2025/batch=L23,4,2539,599297463,0.5581392562016845
raw/source=kaggle/dataset=ai_challenge_2025/source_version=kaggle_current,4,961,95833339590,89.25175256095827
features/extractors/dataset=ai_challenge_2025/batch=L21,4,63,17454627,0.016255888156592846
processed/keyframes_manifests/dataset=ai_challenge_2025/batch=L21,4,36,38552433,0.035904751159250736
features/extractors/dataset=ai_challenge_2025/batch=L22,4,15,172093973,0.16027500201016665
features/extractors/dataset=ai_challenge_2025/batch=L23,4,15,17029562,0.015860015526413918
features/extractors/dataset=ai_challenge_2025/batch=L24,4,15,33591720,0.03128472715616226
processed/keyframes_manifests/dataset=ai_challenge_2025/batch=L23,4,14,2422698,0.0022563133388757706
processed/keyframes_manifests/dataset=ai_challenge_2025/batch=L24,4,14,9636925,0.00897508580237627
processed/keyframes_manifests/dataset=ai_challenge_2025/batch=L26,4,13,198741058,0.18509203381836414
processed/keyframes_manifests/dataset=ai_challenge_2025/batch=L22,4,12,20924942,0.01948787085711956
features/extractors/dataset=ai_challenge_2025/batch=L26,4,10,232336721,0.21638043317943811
features/extractors/dataset=ai_challenge_2025/batch=L27,4,10,25384018,0.02364070899784565
features/extractors/dataset=ai_challenge_2025/batch=L28,4,10,44166436,0.041133198887109756
features/extractors/dataset=ai_challenge_2025/batch=L29,4,10,42050264,0.03916236013174057
features/extractors/dataset=ai_challenge_2025/batch=L30,4,10,43367341,0.0403889836743474
features/import_bundles/dataset=ai_challenge_2025/batch=L21,4,7,18578,1.730211079120636e-05
processed/keyframes_manifests/dataset=ai_challenge_2025/batch=L25,4,7,48658858,0.045317092910408974
processed/keyframes_manifests/dataset=ai_challenge_2025/batch=L27,4,7,5847063,0.005445501767098904
processed/keyframes_manifests/dataset=ai_challenge_2025/batch=L28,4,7,10478747,0.009759093634784222
processed/keyframes_manifests/dataset=ai_challenge_2025/batch=L29,4,7,9865552,0.009188011288642883
processed/keyframes_manifests/dataset=ai_challenge_2025/batch=L30,4,7,8750630,0.008149659261107445
features/extractors/dataset=ai_challenge_2025/batch=L25,4,5,110841674,0.10322935320436954
features/patches/dataset=ai_challenge_2025/batch=L21,4,3,64104298,0.05970177985727787
processed/feature-annotations/fe-vector-embedding-v1/vector_embedding-demo-20260718_175345-9f395bb1,4,2,408285,0.00038024503737688065
processed/feature-annotations/fe-vector-embedding-v1/vector_embedding-demo-20260718_174024-59916b7d,4,1,1212,1.12876296043396e-06
processed/keyframes/dataset=ai_challenge_2025/batch=L26/profile=autoshot_v1,5,154740,27799736014,25.89052171818912
processed/keyframes/dataset=ai_challenge_2025/batch=L25/profile=autoshot_v1,5,36342,6501623407,6.055108650587499
processed/keyframes/dataset=ai_challenge_2025/batch=L22/profile=autoshot_v1,5,31243,6890265476,6.417059782892466
processed/keyframes/dataset=ai_challenge_2025/batch=L21/profile=autoshot_v1,5,25610,5570275915,5.18772370647639
processed/keyframes/dataset=ai_challenge_2025/batch=L28/profile=autoshot_v1,5,16026,3936209377,3.6658806512132287
processed/keyframes/dataset=ai_challenge_2025/batch=L29/profile=autoshot_v1,5,15101,3991804571,3.7176577104255557
processed/keyframes/dataset=ai_challenge_2025/batch=L30/profile=autoshot_v1,5,13374,2743220070,2.554822778329253
processed/keyframes/dataset=ai_challenge_2025/batch=L27/profile=autoshot_v1,5,8980,2271085801,2.1151134753599763
processed/keyframes/dataset=ai_challenge_2025/batch=L24/profile=autoshot_v1,5,7219,1888775304,1.7590590789914131
processed/keyframes/dataset=ai_challenge_2025/batch=L23/profile=autoshot_v1,5,2539,599297463,0.5581392562016845
raw/source=kaggle/dataset=ai_challenge_2025/source_version=kaggle_current/batch=L26,5,498,34043159249,31.70516271982342
raw/source=kaggle/dataset=ai_challenge_2025/source_version=kaggle_current/batch=L25,5,176,25698597832,23.933684296905994
raw/source=kaggle/dataset=ai_challenge_2025/source_version=kaggle_current/batch=L30,5,96,4137446126,3.8532969783991575
features/extractors/dataset=ai_challenge_2025/batch=L21/frame_profile=autoshot_v1,5,63,17454627,0.016255888156592846
raw/source=kaggle/dataset=ai_challenge_2025/source_version=kaggle_current/batch=L24,5,43,5796197572,5.398129645735025
processed/keyframes_manifests/dataset=ai_challenge_2025/batch=L21/profile=autoshot_v1,5,36,38552433,0.035904751159250736
raw/source=kaggle/dataset=ai_challenge_2025/source_version=kaggle_current/batch=L22,5,31,4154529806,3.8692073952406645
raw/source=kaggle/dataset=ai_challenge_2025/source_version=kaggle_current/batch=L21,5,29,3378944552,3.1468873396515846
raw/source=kaggle/dataset=ai_challenge_2025/source_version=kaggle_current/batch=L23,5,25,2043038704,1.9027280658483505
raw/source=kaggle/dataset=ai_challenge_2025/source_version=kaggle_current/batch=L28,5,24,7274481383,6.774888730607927
raw/source=kaggle/dataset=ai_challenge_2025/source_version=kaggle_current/batch=L29,5,23,6767155175,6.302404380403459
raw/source=kaggle/dataset=ai_challenge_2025/source_version=kaggle_current/batch=L27,5,16,2539789191,2.3653630083426833
features/extractors/dataset=ai_challenge_2025/batch=L22/frame_profile=autoshot_v1,5,15,172093973,0.16027500201016665
features/extractors/dataset=ai_challenge_2025/batch=L23/frame_profile=autoshot_v1,5,15,17029562,0.015860015526413918
features/extractors/dataset=ai_challenge_2025/batch=L24/frame_profile=autoshot_v1,5,15,33591720,0.03128472715616226
processed/keyframes_manifests/dataset=ai_challenge_2025/batch=L23/profile=autoshot_v1,5,14,2422698,0.0022563133388757706
processed/keyframes_manifests/dataset=ai_challenge_2025/batch=L24/profile=autoshot_v1,5,14,9636925,0.00897508580237627
processed/keyframes_manifests/dataset=ai_challenge_2025/batch=L26/profile=autoshot_v1,5,13,198741058,0.18509203381836414
processed/keyframes_manifests/dataset=ai_challenge_2025/batch=L22/profile=autoshot_v1,5,12,20924942,0.01948787085711956
features/extractors/dataset=ai_challenge_2025/batch=L26/frame_profile=autoshot_v1,5,10,232336721,0.21638043317943811
features/extractors/dataset=ai_challenge_2025/batch=L27/frame_profile=autoshot_v1,5,10,25384018,0.02364070899784565
features/extractors/dataset=ai_challenge_2025/batch=L28/frame_profile=autoshot_v1,5,10,44166436,0.041133198887109756
features/extractors/dataset=ai_challenge_2025/batch=L29/frame_profile=autoshot_v1,5,10,42050264,0.03916236013174057
features/extractors/dataset=ai_challenge_2025/batch=L30/frame_profile=autoshot_v1,5,10,43367341,0.0403889836743474
features/import_bundles/dataset=ai_challenge_2025/batch=L21/frame_profile=autoshot_v1,5,7,18578,1.730211079120636e-05
processed/keyframes_manifests/dataset=ai_challenge_2025/batch=L25/profile=autoshot_v1,5,7,48658858,0.045317092910408974
processed/keyframes_manifests/dataset=ai_challenge_2025/batch=L27/profile=autoshot_v1,5,7,5847063,0.005445501767098904
processed/keyframes_manifests/dataset=ai_challenge_2025/batch=L28/profile=autoshot_v1,5,7,10478747,0.009759093634784222
processed/keyframes_manifests/dataset=ai_challenge_2025/batch=L29/profile=autoshot_v1,5,7,9865552,0.009188011288642883
processed/keyframes_manifests/dataset=ai_challenge_2025/batch=L30/profile=autoshot_v1,5,7,8750630,0.008149659261107445
features/extractors/dataset=ai_challenge_2025/batch=L25/frame_profile=autoshot_v1,5,5,110841674,0.10322935320436954
features/patches/dataset=ai_challenge_2025/batch=L21/frame_profile=autoshot_v1,5,3,64104298,0.05970177985727787
processed/feature-annotations/fe-vector-embedding-v1/vector_embedding-demo-20260718_175345-9f395bb1/annotations,5,1,406492,0.0003785751760005951
processed/keyframes/dataset=ai_challenge_2025/batch=L22/profile=autoshot_v1/video_id=L22_V016,6,1300,291273338,0.2712694350630045
processed/keyframes/dataset=ai_challenge_2025/batch=L22/profile=autoshot_v1/video_id=L22_V004,6,1249,282446737,0.26304902229458094
processed/keyframes/dataset=ai_challenge_2025/batch=L22/profile=autoshot_v1/video_id=L22_V018,6,1195,267763220,0.2493739314377308
processed/keyframes/dataset=ai_challenge_2025/batch=L22/profile=autoshot_v1/video_id=L22_V013,6,1138,234678106,0.21856101788580418
processed/keyframes/dataset=ai_challenge_2025/batch=L22/profile=autoshot_v1/video_id=L22_V001,6,1135,244724092,0.22791707143187523
processed/keyframes/dataset=ai_challenge_2025/batch=L21/profile=autoshot_v1/video_id=L21_V015,6,1105,225332658,0.2098573911935091
processed/keyframes/dataset=ai_challenge_2025/batch=L22/profile=autoshot_v1/video_id=L22_V021,6,1099,250023499,0.23285252880305052
processed/keyframes/dataset=ai_challenge_2025/batch=L22/profile=autoshot_v1/video_id=L22_V003,6,1093,241451897,0.22486960235983133
processed/keyframes/dataset=ai_challenge_2025/batch=L22/profile=autoshot_v1/video_id=L22_V006,6,1087,249601273,0.23245930019766092
processed/keyframes/dataset=ai_challenge_2025/batch=L21/profile=autoshot_v1/video_id=L21_V008,6,1078,224691319,0.20926009770482779
processed/keyframes/dataset=ai_challenge_2025/batch=L22/profile=autoshot_v1/video_id=L22_V015,6,1075,225674704,0.21017594635486603
processed/keyframes/dataset=ai_challenge_2025/batch=L21/profile=autoshot_v1/video_id=L21_V018,6,1054,241067728,0.22451181709766388
processed/keyframes/dataset=ai_challenge_2025/batch=L22/profile=autoshot_v1/video_id=L22_V012,6,1054,226049031,0.21052456554025412
processed/keyframes/dataset=ai_challenge_2025/batch=L22/profile=autoshot_v1/video_id=L22_V020,6,1054,227833034,0.21218604780733585
processed/keyframes/dataset=ai_challenge_2025/batch=L21/profile=autoshot_v1/video_id=L21_V026,6,1045,228680601,0.21297540608793497
processed/keyframes/dataset=ai_challenge_2025/batch=L22/profile=autoshot_v1/video_id=L22_V007,6,1036,214176723,0.19946761708706617
processed/keyframes/dataset=ai_challenge_2025/batch=L22/profile=autoshot_v1/video_id=L22_V028,6,1036,222539040,0.20725563168525696
processed/keyframes/dataset=ai_challenge_2025/batch=L22/profile=autoshot_v1/video_id=L22_V024,6,1030,227606670,0.2119752299040556
processed/keyframes/dataset=ai_challenge_2025/batch=L21/profile=autoshot_v1/video_id=L21_V001,6,1024,201981926,0.18811032734811306
processed/keyframes/dataset=ai_challenge_2025/batch=L21/profile=autoshot_v1/video_id=L21_V024,6,1006,209846092,0.19543440267443657
processed/keyframes/dataset=ai_challenge_2025/batch=L22/profile=autoshot_v1/video_id=L22_V022,6,994,207868208,0.1935923546552658
processed/keyframes/dataset=ai_challenge_2025/batch=L21/profile=autoshot_v1/video_id=L21_V031,6,985,208665934,0.19433529488742352
processed/keyframes/dataset=ai_challenge_2025/batch=L22/profile=autoshot_v1/video_id=L22_V011,6,985,232061072,0.21612371504306793
processed/keyframes/dataset=ai_challenge_2025/batch=L22/profile=autoshot_v1/video_id=L22_V025,6,976,220949666,0.20577541179955006
processed/keyframes/dataset=ai_challenge_2025/batch=L22/profile=autoshot_v1/video_id=L22_V031,6,973,211148006,0.1966469045728445
processed/keyframes/dataset=ai_challenge_2025/batch=L21/profile=autoshot_v1/video_id=L21_V027,6,967,216765078,0.20187821052968502
processed/keyframes/dataset=ai_challenge_2025/batch=L22/profile=autoshot_v1/video_id=L22_V026,6,964,222167354,0.20690947212278843
processed/keyframes/dataset=ai_challenge_2025/batch=L22/profile=autoshot_v1/video_id=L22_V023,6,961,206262752,0.19209715723991394
processed/keyframes/dataset=ai_challenge_2025/batch=L22/profile=autoshot_v1/video_id=L22_V019,6,955,214244920,0.19953113049268723
processed/keyframes/dataset=ai_challenge_2025/batch=L21/profile=autoshot_v1/video_id=L21_V014,6,949,213425736,0.19876820594072342
processed/keyframes/dataset=ai_challenge_2025/batch=L21/profile=autoshot_v1/video_id=L21_V016,6,949,212769322,0.19815687276422977
processed/keyframes/dataset=ai_challenge_2025/batch=L21/profile=autoshot_v1/video_id=L21_V013,6,946,209218578,0.1948499847203493
processed/keyframes/dataset=ai_challenge_2025/batch=L22/profile=autoshot_v1/video_id=L22_V010,6,943,220408441,0.2052713567391038
processed/keyframes/dataset=ai_challenge_2025/batch=L22/profile=autoshot_v1/video_id=L22_V002,6,940,210917844,0.19643254950642586
processed/keyframes/dataset=ai_challenge_2025/batch=L21/profile=autoshot_v1/video_id=L21_V023,6,937,195377045,0.1819590525701642
processed/keyframes/dataset=ai_challenge_2025/batch=L21/profile=autoshot_v1/video_id=L21_V025,6,934,200980100,0.18717730417847633
processed/keyframes/dataset=ai_challenge_2025/batch=L22/profile=autoshot_v1/video_id=L22_V030,6,931,208130051,0.19383621495217085
processed/keyframes/dataset=ai_challenge_2025/batch=L21/profile=autoshot_v1/video_id=L21_V009,6,922,198958575,0.18529461231082678
processed/keyframes/dataset=ai_challenge_2025/batch=L22/profile=autoshot_v1/video_id=L22_V029,6,907,193786375,0.1804776256904006
processed/keyframes/dataset=ai_challenge_2025/batch=L22/profile=autoshot_v1/video_id=L22_V014,6,904,211719947,0.19717956613749266
processed/keyframes/dataset=ai_challenge_2025/batch=L22/profile=autoshot_v1/video_id=L22_V017,6,904,189144946,0.17615495808422565
processed/keyframes/dataset=ai_challenge_2025/batch=L22/profile=autoshot_v1/video_id=L22_V008,6,892,184932001,0.17223134730011225
processed/keyframes/dataset=ai_challenge_2025/batch=L21/profile=autoshot_v1/video_id=L21_V029,6,886,207347713,0.19310760591179132
processed/keyframes/dataset=ai_challenge_2025/batch=L21/profile=autoshot_v1/video_id=L21_V002,6,868,195003253,0.18161093164235353
processed/keyframes/dataset=ai_challenge_2025/batch=L21/profile=autoshot_v1/video_id=L21_V011,6,862,185626845,0.17287847120314837
processed/keyframes/dataset=ai_challenge_2025/batch=L29/profile=autoshot_v1/video_id=L29_V001,6,856,232666707,0.21668775659054518
processed/keyframes/dataset=ai_challenge_2025/batch=L21/profile=autoshot_v1/video_id=L21_V030,6,850,192925406,0.1796757858246565
processed/keyframes/dataset=ai_challenge_2025/batch=L21/profile=autoshot_v1/video_id=L21_V010,6,844,180952013,0.16852469462901354
processed/keyframes/dataset=ai_challenge_2025/batch=L21/profile=autoshot_v1/video_id=L21_V006,6,829,183817831,0.17119369562715292
processed/keyframes/dataset=ai_challenge_2025/batch=L22/profile=autoshot_v1/video_id=L22_V005,6,829,184919535,0.1722197374328971
processed/keyframes/dataset=ai_challenge_2025/batch=L28/profile=autoshot_v1/video_id=L28_V001,6,820,188952027,0.1759752882644534
processed/keyframes/dataset=ai_challenge_2025/batch=L28/profile=autoshot_v1/video_id=L28_V009,6,817,199802671,0.1860807379707694
processed/keyframes/dataset=ai_challenge_2025/batch=L21/profile=autoshot_v1/video_id=L21_V003,6,805,170834760,0.15910226851701736
processed/keyframes/dataset=ai_challenge_2025/batch=L22/profile=autoshot_v1/video_id=L22_V009,6,805,189391039,0.1763841500505805
processed/keyframes/dataset=ai_challenge_2025/batch=L28/profile=autoshot_v1/video_id=L28_V006,6,802,188967749,0.17598993051797152
processed/keyframes/dataset=ai_challenge_2025/batch=L22/profile=autoshot_v1/video_id=L22_V027,6,799,176371955,0.16425918322056532
processed/keyframes/dataset=ai_challenge_2025/batch=L28/profile=autoshot_v1/video_id=L28_V014,6,775,154786339,0.14415601175278425
processed/keyframes/dataset=ai_challenge_2025/batch=L21/profile=autoshot_v1/video_id=L21_V028,6,772,161029568,0.14997047185897827
processed/keyframes/dataset=ai_challenge_2025/batch=L21/profile=autoshot_v1/video_id=L21_V019,6,763,176071938,0.1639797706156969
processed/keyframes/dataset=ai_challenge_2025/batch=L28/profile=autoshot_v1/video_id=L28_V010,6,763,187599782,0.1747159119695425
processed/keyframes/dataset=ai_challenge_2025/batch=L29/profile=autoshot_v1/video_id=L29_V006,6,763,186470533,0.17366421688348055
processed/keyframes/dataset=ai_challenge_2025/batch=L29/profile=autoshot_v1/video_id=L29_V019,6,760,187741245,0.17484765965491533
processed/keyframes/dataset=ai_challenge_2025/batch=L21/profile=autoshot_v1/video_id=L21_V012,6,754,164780629,0.15346391964703798
processed/keyframes/dataset=ai_challenge_2025/batch=L21/profile=autoshot_v1/video_id=L21_V021,6,754,179898251,0.16754330229014158
processed/keyframes/dataset=ai_challenge_2025/batch=L28/profile=autoshot_v1/video_id=L28_V013,6,754,165474220,0.1541098766028881
processed/keyframes/dataset=ai_challenge_2025/batch=L28/profile=autoshot_v1/video_id=L28_V017,6,754,218906459,0.2038725269958377
processed/keyframes/dataset=ai_challenge_2025/batch=L28/profile=autoshot_v1/video_id=L28_V024,6,751,174565830,0.16257709823548794
processed/keyframes/dataset=ai_challenge_2025/batch=L21/profile=autoshot_v1/video_id=L21_V005,6,748,153362564,0.1428300179541111
processed/keyframes/dataset=ai_challenge_2025/batch=L29/profile=autoshot_v1/video_id=L29_V002,6,748,190308017,0.17723815236240625
processed/keyframes/dataset=ai_challenge_2025/batch=L29/profile=autoshot_v1/video_id=L29_V016,6,748,175820527,0.16374562587589025
processed/keyframes/dataset=ai_challenge_2025/batch=L29/profile=autoshot_v1/video_id=L29_V018,6,742,176744101,0.16460577119141817
processed/keyframes/dataset=ai_challenge_2025/batch=L28/profile=autoshot_v1/video_id=L28_V002,6,739,149988571,0.1396877421066165
processed/keyframes/dataset=ai_challenge_2025/batch=L29/profile=autoshot_v1/video_id=L29_V023,6,739,223631115,0.20827270578593016
processed/keyframes/dataset=ai_challenge_2025/batch=L28/profile=autoshot_v1/video_id=L28_V003,6,733,145117280,0.1351509988307953
processed/keyframes/dataset=ai_challenge_2025/batch=L28/profile=autoshot_v1/video_id=L28_V011,6,733,194461542,0.181106423959136
processed/keyframes/dataset=ai_challenge_2025/batch=L29/profile=autoshot_v1/video_id=L29_V010,6,721,179219220,0.16691090539097786
processed/keyframes/dataset=ai_challenge_2025/batch=L29/profile=autoshot_v1/video_id=L29_V015,6,703,183290214,0.17070231400430202
processed/keyframes/dataset=ai_challenge_2025/batch=L28/profile=autoshot_v1/video_id=L28_V008,6,688,161144581,0.15007758606225252
processed/keyframes/dataset=ai_challenge_2025/batch=L21/profile=autoshot_v1/video_id=L21_V017,6,679,139099658,0.12954665161669254
processed/keyframes/dataset=ai_challenge_2025/batch=L28/profile=autoshot_v1/video_id=L28_V019,6,679,189194223,0.17620085086673498
processed/keyframes/dataset=ai_challenge_2025/batch=L29/profile=autoshot_v1/video_id=L29_V004,6,664,192960429,0.17970840353518724
processed/keyframes/dataset=ai_challenge_2025/batch=L28/profile=autoshot_v1/video_id=L28_V005,6,661,120742853,0.11245054472237825
processed/keyframes/dataset=ai_challenge_2025/batch=L29/profile=autoshot_v1/video_id=L29_V017,6,658,206042531,0.19189206045120955
processed/keyframes/dataset=ai_challenge_2025/batch=L21/profile=autoshot_v1/video_id=L21_V007,6,655,147176760,0.13706903904676437
processed/keyframes/dataset=ai_challenge_2025/batch=L29/profile=autoshot_v1/video_id=L29_V013,6,655,208985298,0.194632725790143
processed/keyframes/dataset=ai_challenge_2025/batch=L29/profile=autoshot_v1/video_id=L29_V014,6,655,175057142,0.16303466819226742
processed/keyframes/dataset=ai_challenge_2025/batch=L28/profile=autoshot_v1/video_id=L28_V018,6,652,168832295,0.15723732765763998
processed/keyframes/dataset=ai_challenge_2025/batch=L21/profile=autoshot_v1/video_id=L21_V022,6,640,144588034,0.13465810008347034
processed/keyframes/dataset=ai_challenge_2025/batch=L28/profile=autoshot_v1/video_id=L28_V004,6,640,157399563,0.1465897662565112
processed/keyframes/dataset=ai_challenge_2025/batch=L29/profile=autoshot_v1/video_id=L29_V008,6,640,147548743,0.13741547521203756
processed/keyframes/dataset=ai_challenge_2025/batch=L29/profile=autoshot_v1/video_id=L29_V022,6,640,169058533,0.15744802821427584
processed/keyframes/dataset=ai_challenge_2025/batch=L27/profile=autoshot_v1/video_id=L27_V007,6,628,160416099,0.1493991343304515
processed/keyframes/dataset=ai_challenge_2025/batch=L29/profile=autoshot_v1/video_id=L29_V020,6,619,148985493,0.13875355292111635
processed/keyframes/dataset=ai_challenge_2025/batch=L28/profile=autoshot_v1/video_id=L28_V016,6,616,154299991,0.14370306488126516
processed/keyframes/dataset=ai_challenge_2025/batch=L27/profile=autoshot_v1/video_id=L27_V008,6,610,136711419,0.12732243072241545
processed/keyframes/dataset=ai_challenge_2025/batch=L27/profile=autoshot_v1/video_id=L27_V015,6,604,159153867,0.14822358917444944
processed/keyframes/dataset=ai_challenge_2025/batch=L27/profile=autoshot_v1/video_id=L27_V010,6,601,166152660,0.15474172309041023
processed/keyframes/dataset=ai_challenge_2025/batch=L27/profile=autoshot_v1/video_id=L27_V009,6,598,131691558,0.12264732085168362
processed/keyframes/dataset=ai_challenge_2025/batch=L29/profile=autoshot_v1/video_id=L29_V007,6,595,162425777,0.15127079281955957
processed/keyframes/dataset=ai_challenge_2025/batch=L28/profile=autoshot_v1/video_id=L28_V012,6,592,170075385,0.15839504543691874
processed/keyframes/dataset=ai_challenge_2025/batch=L29/profile=autoshot_v1/video_id=L29_V012,6,592,160867355,0.14981939923018217
processed/keyframes/dataset=ai_challenge_2025/batch=L27/profile=autoshot_v1/video_id=L27_V002,6,586,157554045,0.14673363883048296
processed/keyframes/dataset=ai_challenge_2025/batch=L27/profile=autoshot_v1/video_id=L27_V013,6,586,174649889,0.16265538427978754
processed/keyframes/dataset=ai_challenge_2025/batch=L29/profile=autoshot_v1/video_id=L29_V005,6,571,158341613,0.14746711868792772
processed/keyframes/dataset=ai_challenge_2025/batch=L28/profile=autoshot_v1/video_id=L28_V007,6,568,139619630,0.1300309132784605
processed/keyframes/dataset=ai_challenge_2025/batch=L27/profile=autoshot_v1/video_id=L27_V006,6,562,115801714,0.1078487504273653
processed/keyframes/dataset=ai_challenge_2025/batch=L27/profile=autoshot_v1/video_id=L27_V012,6,556,145649650,0.13564680702984333
processed/keyframes/dataset=ai_challenge_2025/batch=L27/profile=autoshot_v1/video_id=L27_V016,6,556,136430860,0.1270611397922039
processed/keyframes/dataset=ai_challenge_2025/batch=L29/profile=autoshot_v1/video_id=L29_V009,6,553,166396900,0.15496918931603432
processed/keyframes/dataset=ai_challenge_2025/batch=L27/profile=autoshot_v1/video_id=L27_V011,6,547,151877446,0.1414468940347433
processed/keyframes/dataset=ai_challenge_2025/batch=L28/profile=autoshot_v1/video_id=L28_V015,6,547,138875476,0.1293378658592701
processed/keyframes/dataset=ai_challenge_2025/batch=L27/profile=autoshot_v1/video_id=L27_V001,6,538,128938526,0.12008336000144482
processed/keyframes/dataset=ai_challenge_2025/batch=L25/profile=autoshot_v1/video_id=L25_V007,6,535,114318843,0.10646771918982267
processed/keyframes/dataset=ai_challenge_2025/batch=L29/profile=autoshot_v1/video_id=L29_V003,6,532,153142102,0.14262469671666622
processed/keyframes/dataset=ai_challenge_2025/batch=L27/profile=autoshot_v1/video_id=L27_V014,6,520,133390117,0.12422922719269991
processed/keyframes/dataset=ai_challenge_2025/batch=L25/profile=autoshot_v1/video_id=L25_V048,6,514,87759806,0.08173268847167492
processed/keyframes/dataset=ai_challenge_2025/batch=L25/profile=autoshot_v1/video_id=L25_V033,6,511,101183304,0.09423429518938065
processed/keyframes/dataset=ai_challenge_2025/batch=L25/profile=autoshot_v1/video_id=L25_V042,6,511,99642688,0.09279948472976685
processed/keyframes/dataset=ai_challenge_2025/batch=L25/profile=autoshot_v1/video_id=L25_V069,6,508,100286105,0.09339871350675821
processed/keyframes/dataset=ai_challenge_2025/batch=L27/profile=autoshot_v1/video_id=L27_V005,6,508,113306592,0.10552498698234558
processed/keyframes/dataset=ai_challenge_2025/batch=L25/profile=autoshot_v1/video_id=L25_V039,6,505,85839942,0.07994467578828335
raw/source=kaggle/dataset=ai_challenge_2025/source_version=kaggle_current/batch=L26/ai-challenge-2025,6,498,34043159249,31.70516271982342
processed/keyframes/dataset=ai_challenge_2025/batch=L25/profile=autoshot_v1/video_id=L25_V074,6,496,88751247,0.08265603985637426
processed/keyframes/dataset=ai_challenge_2025/batch=L27/profile=autoshot_v1/video_id=L27_V003,6,496,129348730,0.12046539224684238
processed/keyframes/dataset=ai_challenge_2025/batch=L28/profile=autoshot_v1/video_id=L28_V021,6,496,136457868,0.12708629295229912
processed/keyframes/dataset=ai_challenge_2025/batch=L28/profile=autoshot_v1/video_id=L28_V022,6,496,148505625,0.13830664101988077
processed/keyframes/dataset=ai_challenge_2025/batch=L25/profile=autoshot_v1/video_id=L25_V021,6,493,85608638,0.07972925715148449
processed/keyframes/dataset=ai_challenge_2025/batch=L28/profile=autoshot_v1/video_id=L28_V023,6,487,138900959,0.12936159875243902
processed/keyframes/dataset=ai_challenge_2025/batch=L27/profile=autoshot_v1/video_id=L27_V004,6,484,130012629,0.12108369637280703
processed/keyframes/dataset=ai_challenge_2025/batch=L25/profile=autoshot_v1/video_id=L25_V051,6,482,95011258,0.08848612941801548
processed/keyframes/dataset=ai_challenge_2025/batch=L25/profile=autoshot_v1/video_id=L25_V057,6,478,79907228,0.07441940531134605
processed/keyframes/dataset=ai_challenge_2025/batch=L29/profile=autoshot_v1/video_id=L29_V011,6,475,120088040,0.11184070259332657
processed/keyframes/dataset=ai_challenge_2025/batch=L25/profile=autoshot_v1/video_id=L25_V024,6,472,91567348,0.08527873829007149
processed/keyframes/dataset=ai_challenge_2025/batch=L29/profile=autoshot_v1/video_id=L29_V021,6,472,86012936,0.08010578900575638
processed/keyframes/dataset=ai_challenge_2025/batch=L25/profile=autoshot_v1/video_id=L25_V060,6,469,89121461,0.08300082851201296
processed/keyframes/dataset=ai_challenge_2025/batch=L25/profile=autoshot_v1/video_id=L25_V063,6,469,89049278,0.08293360285460949
processed/keyframes/dataset=ai_challenge_2025/batch=L25/profile=autoshot_v1/video_id=L25_V054,6,466,87216140,0.08122636005282402
processed/keyframes/dataset=ai_challenge_2025/batch=L25/profile=autoshot_v1/video_id=L25_V025,6,463,75881477,0.07067013252526522
processed/keyframes/dataset=ai_challenge_2025/batch=L28/profile=autoshot_v1/video_id=L28_V020,6,463,143538458,0.13368060626089573
processed/keyframes/dataset=ai_challenge_2025/batch=L25/profile=autoshot_v1/video_id=L25_V066,6,460,77693265,0.07235749159008265
processed/keyframes/dataset=ai_challenge_2025/batch=L25/profile=autoshot_v1/video_id=L25_V084,6,457,79278573,0.07383392471820116
processed/keyframes/dataset=ai_challenge_2025/batch=L25/profile=autoshot_v1/video_id=L25_V087,6,457,88180551,0.08212453778833151
processed/keyframes/dataset=ai_challenge_2025/batch=L25/profile=autoshot_v1/video_id=L25_V013,6,451,75812398,0.07060579769313335
processed/keyframes/dataset=ai_challenge_2025/batch=L25/profile=autoshot_v1/video_id=L25_V016,6,445,86507566,0.08056644909083843
processed/keyframes/dataset=ai_challenge_2025/batch=L25/profile=autoshot_v1/video_id=L25_V076,6,442,84482460,0.07868042215704918
processed/keyframes/dataset=ai_challenge_2025/batch=L25/profile=autoshot_v1/video_id=L25_V085,6,430,75956234,0.07073975540697575
processed/keyframes/dataset=ai_challenge_2025/batch=L25/profile=autoshot_v1/video_id=L25_V004,6,427,71943252,0.06700237467885017
processed/keyframes/dataset=ai_challenge_2025/batch=L25/profile=autoshot_v1/video_id=L25_V045,6,427,76033052,0.07081129774451256
processed/keyframes/dataset=ai_challenge_2025/batch=L25/profile=autoshot_v1/video_id=L25_V049,6,427,72734492,0.06773927435278893
processed/keyframes/dataset=ai_challenge_2025/batch=L25/profile=autoshot_v1/video_id=L25_V005,6,424,70570521,0.0657239193096757
processed/keyframes/dataset=ai_challenge_2025/batch=L25/profile=autoshot_v1/video_id=L25_V027,6,421,79748121,0.07427122537046671
processed/keyframes/dataset=ai_challenge_2025/batch=L25/profile=autoshot_v1/video_id=L25_V030,6,418,72843678,0.06784096173942089
processed/keyframes/dataset=ai_challenge_2025/batch=L25/profile=autoshot_v1/video_id=L25_V022,6,415,70223746,0.06540095992386341
processed/keyframes/dataset=ai_challenge_2025/batch=L25/profile=autoshot_v1/video_id=L25_V010,6,412,77951994,0.07259845174849033
processed/keyframes/dataset=ai_challenge_2025/batch=L25/profile=autoshot_v1/video_id=L25_V031,6,412,68636355,0.06392258685082197
processed/keyframes/dataset=ai_challenge_2025/batch=L25/profile=autoshot_v1/video_id=L25_V052,6,412,67794222,0.06313828937709332
processed/keyframes/dataset=ai_challenge_2025/batch=L25/profile=autoshot_v1/video_id=L25_V058,6,412,69094193,0.06434898171573877
processed/keyframes/dataset=ai_challenge_2025/batch=L25/profile=autoshot_v1/video_id=L25_V067,6,412,72442494,0.06746733002364635
processed/keyframes/dataset=ai_challenge_2025/batch=L25/profile=autoshot_v1/video_id=L25_V077,6,412,72347856,0.0673791915178299
processed/keyframes/dataset=ai_challenge_2025/batch=L25/profile=autoshot_v1/video_id=L25_V014,6,409,67724114,0.06307299621403217
processed/keyframes/dataset=ai_challenge_2025/batch=L25/profile=autoshot_v1/video_id=L25_V034,6,409,67548583,0.06290952023118734
processed/keyframes/dataset=ai_challenge_2025/batch=L25/profile=autoshot_v1/video_id=L25_V061,6,409,69323555,0.06456259172409773
processed/keyframes/dataset=ai_challenge_2025/batch=L25/profile=autoshot_v1/video_id=L25_V008,6,406,67353327,0.06272767391055822
processed/keyframes/dataset=ai_challenge_2025/batch=L25/profile=autoshot_v1/video_id=L25_V040,6,406,67761081,0.06310742441564798
processed/keyframes/dataset=ai_challenge_2025/batch=L25/profile=autoshot_v1/video_id=L25_V043,6,406,67366643,0.0627400754019618
processed/keyframes/dataset=ai_challenge_2025/batch=L25/profile=autoshot_v1/video_id=L25_V088,6,406,70010186,0.06520206667482853
processed/keyframes/dataset=ai_challenge_2025/batch=L25/profile=autoshot_v1/video_id=L25_V018,6,403,75368080,0.07019199430942535
processed/keyframes/dataset=ai_challenge_2025/batch=L26/profile=autoshot_v1/video_id=L26_V490,6,403,68270714,0.063582057133317
processed/keyframes/dataset=ai_challenge_2025/batch=L26/profile=autoshot_v1/video_id=L26_V495,6,403,72743352,0.06774752587080002
processed/keyframes/dataset=ai_challenge_2025/batch=L25/profile=autoshot_v1/video_id=L25_V017,6,400,66922954,0.062326857820153236
processed/keyframes/dataset=ai_challenge_2025/batch=L25/profile=autoshot_v1/video_id=L25_V070,6,400,65725228,0.06121138855814934
processed/keyframes/dataset=ai_challenge_2025/batch=L26/profile=autoshot_v1/video_id=L26_V178,6,400,70665691,0.06581255327910185
processed/keyframes/dataset=ai_challenge_2025/batch=L26/profile=autoshot_v1/video_id=L26_V320,6,400,68301309,0.06361055094748735
processed/keyframes/dataset=ai_challenge_2025/batch=L25/profile=autoshot_v1/video_id=L25_V019,6,397,71018305,0.06614095065742731
processed/keyframes/dataset=ai_challenge_2025/batch=L26/profile=autoshot_v1/video_id=L26_V416,6,397,66635639,0.06205927487462759
processed/keyframes/dataset=ai_challenge_2025/batch=L26/profile=autoshot_v1/video_id=L26_V435,6,397,66824257,0.06223493907600641
processed/keyframes/dataset=ai_challenge_2025/batch=L26/profile=autoshot_v1/video_id=L26_V479,6,397,67786058,0.06313068605959415
processed/keyframes/dataset=ai_challenge_2025/batch=L25/profile=autoshot_v1/video_id=L25_V036,6,394,71842184,0.06690824776887894
processed/keyframes/dataset=ai_challenge_2025/batch=L25/profile=autoshot_v1/video_id=L25_V062,6,394,69542051,0.06476608198136091
processed/keyframes/dataset=ai_challenge_2025/batch=L25/profile=autoshot_v1/video_id=L25_V078,6,394,69242069,0.06448670197278261
processed/keyframes/dataset=ai_challenge_2025/batch=L26/profile=autoshot_v1/video_id=L26_V268,6,394,71585179,0.06666889321058989
processed/keyframes/dataset=ai_challenge_2025/batch=L26/profile=autoshot_v1/video_id=L26_V342,6,394,69638337,0.06485575530678034
processed/keyframes/dataset=ai_challenge_2025/batch=L25/profile=autoshot_v1/video_id=L25_V001,6,391,71703377,0.06677897367626429
processed/keyframes/dataset=ai_challenge_2025/batch=L25/profile=autoshot_v1/video_id=L25_V002,6,391,70033440,0.06522372364997864
processed/keyframes/dataset=ai_challenge_2025/batch=L25/profile=autoshot_v1/video_id=L25_V028,6,391,69698788,0.06491205468773842
processed/keyframes/dataset=ai_challenge_2025/batch=L25/profile=autoshot_v1/video_id=L25_V044,6,391,68896288,0.0641646683216095
processed/keyframes/dataset=ai_challenge_2025/batch=L25/profile=autoshot_v1/video_id=L25_V080,6,391,71262682,0.06636854447424412
processed/keyframes/dataset=ai_challenge_2025/batch=L26/profile=autoshot_v1/video_id=L26_V433,6,391,63493760,0.059133172035217285
processed/keyframes/dataset=ai_challenge_2025/batch=L25/profile=autoshot_v1/video_id=L25_V037,6,390,70363714,0.06553131528198719
processed/keyframes/dataset=ai_challenge_2025/batch=L25/profile=autoshot_v1/video_id=L25_V011,6,388,68112640,0.06343483924865723
processed/keyframes/dataset=ai_challenge_2025/batch=L25/profile=autoshot_v1/video_id=L25_V026,6,388,70018446,0.06520975939929485
processed/keyframes/dataset=ai_challenge_2025/batch=L26/profile=autoshot_v1/video_id=L26_V195,6,388,73465814,0.06842037104070187
processed/keyframes/dataset=ai_challenge_2025/batch=L26/profile=autoshot_v1/video_id=L26_V212,6,388,65434067,0.06094022374600172
processed/keyframes/dataset=ai_challenge_2025/batch=L26/profile=autoshot_v1/video_id=L26_V296,6,388,63397024,0.05904307961463928
processed/keyframes/dataset=ai_challenge_2025/batch=L26/profile=autoshot_v1/video_id=L26_V351,6,388,63297766,0.0589506383985281
processed/keyframes/dataset=ai_challenge_2025/batch=L25/profile=autoshot_v1/video_id=L25_V015,6,385,70497506,0.06565591879189014
processed/keyframes/dataset=ai_challenge_2025/batch=L25/profile=autoshot_v1/video_id=L25_V041,6,385,70275289,0.06544896308332682
processed/keyframes/dataset=ai_challenge_2025/batch=L25/profile=autoshot_v1/video_id=L25_V046,6,385,68336514,0.06364333815872669
processed/keyframes/dataset=ai_challenge_2025/batch=L25/profile=autoshot_v1/video_id=L25_V064,6,385,68949136,0.06421388685703278
processed/keyframes/dataset=ai_challenge_2025/batch=L25/profile=autoshot_v1/video_id=L25_V086,6,385,68978199,0.06424095388501883
processed/keyframes/dataset=ai_challenge_2025/batch=L26/profile=autoshot_v1/video_id=L26_V171,6,385,66334154,0.06177849508821964
processed/keyframes/dataset=ai_challenge_2025/batch=L26/profile=autoshot_v1/video_id=L26_V234,6,385,66793347,0.06220615189522505
processed/keyframes/dataset=ai_challenge_2025/batch=L26/profile=autoshot_v1/video_id=L26_V336,6,385,66515127,0.06194703932851553
processed/keyframes/dataset=ai_challenge_2025/batch=L26/profile=autoshot_v1/video_id=L26_V428,6,385,68881348,0.06415075436234474
processed/keyframes/dataset=ai_challenge_2025/batch=L26/profile=autoshot_v1/video_id=L26_V488,6,385,66728680,0.06214592605829239
processed/keyframes/dataset=ai_challenge_2025/batch=L25/profile=autoshot_v1/video_id=L25_V075,6,382,68786982,0.06406286917626858
processed/keyframes/dataset=ai_challenge_2025/batch=L26/profile=autoshot_v1/video_id=L26_V346,6,382,68736932,0.06401625648140907
processed/keyframes/dataset=ai_challenge_2025/batch=L26/profile=autoshot_v1/video_id=L26_V491,6,382,65926706,0.061399029567837715
processed/keyframes/dataset=ai_challenge_2025/batch=L26/profile=autoshot_v1/video_id=L26_V496,6,382,67683561,0.06303522828966379
processed/keyframes/dataset=ai_challenge_2025/batch=L25/profile=autoshot_v1/video_id=L25_V012,6,379,68754696,0.06403280049562454
processed/keyframes/dataset=ai_challenge_2025/batch=L25/profile=autoshot_v1/video_id=L25_V020,6,379,68212982,0.06352829001843929
processed/keyframes/dataset=ai_challenge_2025/batch=L25/profile=autoshot_v1/video_id=L25_V035,6,379,68585307,0.063875044696033
processed/keyframes/dataset=ai_challenge_2025/batch=L25/profile=autoshot_v1/video_id=L25_V053,6,379,67204515,0.06258908193558455
processed/keyframes/dataset=ai_challenge_2025/batch=L25/profile=autoshot_v1/video_id=L25_V083,6,379,67224536,0.06260772794485092
processed/keyframes/dataset=ai_challenge_2025/batch=L26/profile=autoshot_v1/video_id=L26_V183,6,379,65421248,0.060928285121917725
processed/keyframes/dataset=ai_challenge_2025/batch=L25/profile=autoshot_v1/video_id=L25_V023,6,376,68621404,0.0639086626470089
processed/keyframes/dataset=ai_challenge_2025/batch=L25/profile=autoshot_v1/video_id=L25_V038,6,376,67525193,0.06288773659616709
processed/keyframes/dataset=ai_challenge_2025/batch=L25/profile=autoshot_v1/video_id=L25_V055,6,376,66866541,0.06227431911975145
processed/keyframes/dataset=ai_challenge_2025/batch=L25/profile=autoshot_v1/video_id=L25_V071,6,376,66670607,0.062091841362416744
processed/keyframes/dataset=ai_challenge_2025/batch=L25/profile=autoshot_v1/video_id=L25_V072,6,376,67382741,0.06275506783276796
processed/keyframes/dataset=ai_challenge_2025/batch=L26/profile=autoshot_v1/video_id=L26_V250,6,376,62829241,0.05851429048925638
processed/keyframes/dataset=ai_challenge_2025/batch=L26/profile=autoshot_v1/video_id=L26_V408,6,376,72220672,0.0672607421875
processed/keyframes/dataset=ai_challenge_2025/batch=L26/profile=autoshot_v1/video_id=L26_V443,6,376,65367314,0.06087805517017841
processed/keyframes/dataset=ai_challenge_2025/batch=L26/profile=autoshot_v1/video_id=L26_V476,6,376,67955216,0.06328822672367096
processed/keyframes/dataset=ai_challenge_2025/batch=L25/profile=autoshot_v1/video_id=L25_V006,6,373,67232273,0.06261493358761072
processed/keyframes/dataset=ai_challenge_2025/batch=L25/profile=autoshot_v1/video_id=L25_V009,6,373,67685540,0.06303707137703896
processed/keyframes/dataset=ai_challenge_2025/batch=L25/profile=autoshot_v1/video_id=L25_V032,6,373,68330318,0.06363756768405437
processed/keyframes/dataset=ai_challenge_2025/batch=L25/profile=autoshot_v1/video_id=L25_V056,6,373,66461710,0.061897290870547295
processed/keyframes/dataset=ai_challenge_2025/batch=L25/profile=autoshot_v1/video_id=L25_V068,6,373,67325333,0.06270160246640444
processed/keyframes/dataset=ai_challenge_2025/batch=L25/profile=autoshot_v1/video_id=L25_V081,6,373,66238157,0.06168909091502428
processed/keyframes/dataset=ai_challenge_2025/batch=L26/profile=autoshot_v1/video_id=L26_V015,6,373,71915450,0.06697648204863071
processed/keyframes/dataset=ai_challenge_2025/batch=L26/profile=autoshot_v1/video_id=L26_V232,6,373,65841043,0.06131924968212843
processed/keyframes/dataset=ai_challenge_2025/batch=L26/profile=autoshot_v1/video_id=L26_V437,6,373,66831827,0.06224198918789625
processed/keyframes/dataset=ai_challenge_2025/batch=L25/profile=autoshot_v1/video_id=L25_V050,6,372,67925435,0.06326049100607634
processed/keyframes/dataset=ai_challenge_2025/batch=L25/profile=autoshot_v1/video_id=L25_V003,6,370,66951799,0.06235372181981802
processed/keyframes/dataset=ai_challenge_2025/batch=L25/profile=autoshot_v1/video_id=L25_V047,6,370,65755700,0.06123976781964302
processed/keyframes/dataset=ai_challenge_2025/batch=L25/profile=autoshot_v1/video_id=L25_V059,6,370,66624798,0.062049178406596184
processed/keyframes/dataset=ai_challenge_2025/batch=L25/profile=autoshot_v1/video_id=L25_V079,6,370,65204457,0.06072638276964426
processed/keyframes/dataset=ai_challenge_2025/batch=L25/profile=autoshot_v1/video_id=L25_V082,6,370,67266149,0.0626464830711484
processed/keyframes/dataset=ai_challenge_2025/batch=L26/profile=autoshot_v1/video_id=L26_V272,6,370,63972535,0.05957906600087881
processed/keyframes/dataset=ai_challenge_2025/batch=L26/profile=autoshot_v1/video_id=L26_V337,6,370,67892820,0.06323011592030525
processed/keyframes/dataset=ai_challenge_2025/batch=L26/profile=autoshot_v1/video_id=L26_V482,6,370,65300065,0.0608154246583581
processed/keyframes/dataset=ai_challenge_2025/batch=L26/profile=autoshot_v1/video_id=L26_V485,6,370,65796882,0.061278121545910835
processed/keyframes/dataset=ai_challenge_2025/batch=L25/profile=autoshot_v1/video_id=L25_V029,6,367,66220321,0.06167247984558344
processed/keyframes/dataset=ai_challenge_2025/batch=L25/profile=autoshot_v1/video_id=L25_V065,6,367,65399932,0.06090843304991722
processed/keyframes/dataset=ai_challenge_2025/batch=L25/profile=autoshot_v1/video_id=L25_V073,6,367,65871816,0.06134790927171707
processed/keyframes/dataset=ai_challenge_2025/batch=L26/profile=autoshot_v1/video_id=L26_V375,6,367,65796778,0.061278024688363075
processed/keyframes/dataset=ai_challenge_2025/batch=L26/profile=autoshot_v1/video_id=L26_V450,6,367,68229538,0.06354370899498463
processed/keyframes/dataset=ai_challenge_2025/batch=L26/profile=autoshot_v1/video_id=L26_V169,6,364,63029366,0.058700671419501305
processed/keyframes/dataset=ai_challenge_2025/batch=L26/profile=autoshot_v1/video_id=L26_V180,6,364,67725229,0.06307403463870287
processed/keyframes/dataset=ai_challenge_2025/batch=L26/profile=autoshot_v1/video_id=L26_V229,6,364,61468082,0.05724661238491535
processed/keyframes/dataset=ai_challenge_2025/batch=L26/profile=autoshot_v1/video_id=L26_V318,6,364,67361201,0.06273500714451075
processed/keyframes/dataset=ai_challenge_2025/batch=L26/profile=autoshot_v1/video_id=L26_V324,6,364,63541441,0.059177578426897526
processed/keyframes/dataset=ai_challenge_2025/batch=L26/profile=autoshot_v1/video_id=L26_V333,6,364,68009456,0.0633387416601181
processed/keyframes/dataset=ai_challenge_2025/batch=L26/profile=autoshot_v1/video_id=L26_V350,6,364,64092784,0.05969105660915375
processed/keyframes/dataset=ai_challenge_2025/batch=L26/profile=autoshot_v1/video_id=L26_V354,6,364,63987619,0.05959311407059431
processed/keyframes/dataset=ai_challenge_2025/batch=L26/profile=autoshot_v1/video_id=L26_V356,6,364,65333039,0.06084613408893347
processed/keyframes/dataset=ai_challenge_2025/batch=L26/profile=autoshot_v1/video_id=L26_V358,6,364,63477448,0.05911798030138016
processed/keyframes/dataset=ai_challenge_2025/batch=L26/profile=autoshot_v1/video_id=L26_V398,6,364,68446615,0.06374587770551443
processed/keyframes/dataset=ai_challenge_2025/batch=L26/profile=autoshot_v1/video_id=L26_V400,6,364,64447448,0.06002136319875717
processed/keyframes/dataset=ai_challenge_2025/batch=L26/profile=autoshot_v1/video_id=L26_V429,6,364,67306883,0.06268441956490278
processed/keyframes/dataset=ai_challenge_2025/batch=L26/profile=autoshot_v1/video_id=L26_V440,6,364,65421140,0.060928184539079666
processed/keyframes/dataset=ai_challenge_2025/batch=L26/profile=autoshot_v1/video_id=L26_V489,6,364,63145267,0.05880861263722181
processed/keyframes/dataset=ai_challenge_2025/batch=L26/profile=autoshot_v1/video_id=L26_V173,6,361,63928280,0.0595378503203392
processed/keyframes/dataset=ai_challenge_2025/batch=L26/profile=autoshot_v1/video_id=L26_V209,6,361,64397943,0.05997525807470083
processed/keyframes/dataset=ai_challenge_2025/batch=L26/profile=autoshot_v1/video_id=L26_V226,6,361,61035414,0.05684365890920162
processed/keyframes/dataset=ai_challenge_2025/batch=L26/profile=autoshot_v1/video_id=L26_V243,6,361,61712297,0.05747405532747507
processed/keyframes/dataset=ai_challenge_2025/batch=L26/profile=autoshot_v1/video_id=L26_V249,6,361,61333852,0.057121600955724716
processed/keyframes/dataset=ai_challenge_2025/batch=L26/profile=autoshot_v1/video_id=L26_V267,6,361,62861488,0.05854432284832001
processed/keyframes/dataset=ai_challenge_2025/batch=L26/profile=autoshot_v1/video_id=L26_V277,6,361,62293345,0.058015198446810246
processed/keyframes/dataset=ai_challenge_2025/batch=L26/profile=autoshot_v1/video_id=L26_V338,6,361,66910682,0.062315428629517555
processed/keyframes/dataset=ai_challenge_2025/batch=L26/profile=autoshot_v1/video_id=L26_V378,6,361,64798542,0.06034834496676922
processed/keyframes/dataset=ai_challenge_2025/batch=L26/profile=autoshot_v1/video_id=L26_V385,6,361,64099387,0.059697206132113934
processed/keyframes/dataset=ai_challenge_2025/batch=L26/profile=autoshot_v1/video_id=L26_V186,6,358,63403285,0.05904891062527895
processed/keyframes/dataset=ai_challenge_2025/batch=L26/profile=autoshot_v1/video_id=L26_V302,6,358,61364805,0.05715042818337679
processed/keyframes/dataset=ai_challenge_2025/batch=L26/profile=autoshot_v1/video_id=L26_V329,6,358,65919019,0.061391870491206646
processed/keyframes/dataset=ai_challenge_2025/batch=L26/profile=autoshot_v1/video_id=L26_V365,6,358,62767353,0.05845665279775858
processed/keyframes/dataset=ai_challenge_2025/batch=L26/profile=autoshot_v1/video_id=L26_V441,6,358,66399398,0.061839258298277855
processed/keyframes/dataset=ai_challenge_2025/batch=L26/profile=autoshot_v1/video_id=L26_V466,6,358,63308788,0.05896090343594551
processed/keyframes/dataset=ai_challenge_2025/batch=L26/profile=autoshot_v1/video_id=L26_V471,6,358,60059640,0.05593489855527878
processed/keyframes/dataset=ai_challenge_2025/batch=L26/profile=autoshot_v1/video_id=L26_V481,6,358,62191094,0.05791996978223324
processed/keyframes/dataset=ai_challenge_2025/batch=L26/profile=autoshot_v1/video_id=L26_V483,6,358,61465035,0.0572437746450305
processed/keyframes/dataset=ai_challenge_2025/batch=L26/profile=autoshot_v1/video_id=L26_V177,6,355,62644486,0.0583422239869833
processed/keyframes/dataset=ai_challenge_2025/batch=L26/profile=autoshot_v1/video_id=L26_V347,6,355,64191222,0.059782734140753746
processed/keyframes/dataset=ai_challenge_2025/batch=L26/profile=autoshot_v1/video_id=L26_V348,6,355,61023907,0.05683294218033552
processed/keyframes/dataset=ai_challenge_2025/batch=L26/profile=autoshot_v1/video_id=L26_V366,6,355,60742443,0.05657080840319395
processed/keyframes/dataset=ai_challenge_2025/batch=L26/profile=autoshot_v1/video_id=L26_V388,6,355,61788742,0.05754525028169155
processed/keyframes/dataset=ai_challenge_2025/batch=L26/profile=autoshot_v1/video_id=L26_V393,6,355,66210757,0.061663572676479816
processed/keyframes/dataset=ai_challenge_2025/batch=L26/profile=autoshot_v1/video_id=L26_V401,6,355,59060845,0.05500469822436571
processed/keyframes/dataset=ai_challenge_2025/batch=L26/profile=autoshot_v1/video_id=L26_V405,6,355,62126868,0.057860154658555984
processed/keyframes/dataset=ai_challenge_2025/batch=L26/profile=autoshot_v1/video_id=L26_V461,6,355,63018838,0.05869086645543575
processed/keyframes/dataset=ai_challenge_2025/batch=L26/profile=autoshot_v1/video_id=L26_V487,6,355,62521756,0.05822792276740074
processed/keyframes/dataset=ai_challenge_2025/batch=L26/profile=autoshot_v1/video_id=L26_V210,6,352,61582955,0.057353596203029156
processed/keyframes/dataset=ai_challenge_2025/batch=L26/profile=autoshot_v1/video_id=L26_V270,6,352,66263973,0.061713133938610554
processed/keyframes/dataset=ai_challenge_2025/batch=L26/profile=autoshot_v1/video_id=L26_V316,6,352,64665993,0.06022489909082651
processed/keyframes/dataset=ai_challenge_2025/batch=L26/profile=autoshot_v1/video_id=L26_V339,6,352,58991150,0.054939789697527885
processed/keyframes/dataset=ai_challenge_2025/batch=L26/profile=autoshot_v1/video_id=L26_V368,6,352,60139529,0.056009300984442234
processed/keyframes/dataset=ai_challenge_2025/batch=L26/profile=autoshot_v1/video_id=L26_V434,6,352,62194737,0.05792336259037256
processed/keyframes/dataset=ai_challenge_2025/batch=L26/profile=autoshot_v1/video_id=L26_V448,6,352,66340446,0.06178435496985912
processed/keyframes/dataset=ai_challenge_2025/batch=L26/profile=autoshot_v1/video_id=L26_V227,6,349,63137894,0.05880174599587917
processed/keyframes/dataset=ai_challenge_2025/batch=L26/profile=autoshot_v1/video_id=L26_V241,6,349,62519667,0.05822597723454237
processed/keyframes/dataset=ai_challenge_2025/batch=L26/profile=autoshot_v1/video_id=L26_V261,6,349,63768109,0.05938867945224047
processed/keyframes/dataset=ai_challenge_2025/batch=L26/profile=autoshot_v1/video_id=L26_V269,6,349,63164209,0.05882625374943018
processed/keyframes/dataset=ai_challenge_2025/batch=L26/profile=autoshot_v1/video_id=L26_V298,6,349,62782274,0.05847054906189442
processed/keyframes/dataset=ai_challenge_2025/batch=L26/profile=autoshot_v1/video_id=L26_V303,6,349,64365703,0.05994523223489523
processed/keyframes/dataset=ai_challenge_2025/batch=L26/profile=autoshot_v1/video_id=L26_V327,6,349,62994391,0.05866809841245413
processed/keyframes/dataset=ai_challenge_2025/batch=L26/profile=autoshot_v1/video_id=L26_V381,6,349,62641325,0.05833928007632494
processed/keyframes/dataset=ai_challenge_2025/batch=L26/profile=autoshot_v1/video_id=L26_V399,6,349,64833408,0.06038081645965576
processed/keyframes/dataset=ai_challenge_2025/batch=L26/profile=autoshot_v1/video_id=L26_V432,6,349,62469313,0.05817908141762018
processed/keyframes/dataset=ai_challenge_2025/batch=L26/profile=autoshot_v1/video_id=L26_V039,6,346,62693138,0.05838753469288349
processed/keyframes/dataset=ai_challenge_2025/batch=L26/profile=autoshot_v1/video_id=L26_V172,6,346,63039034,0.05870967544615269
processed/keyframes/dataset=ai_challenge_2025/batch=L26/profile=autoshot_v1/video_id=L26_V214,6,346,62305184,0.05802622437477112
processed/keyframes/dataset=ai_challenge_2025/batch=L26/profile=autoshot_v1/video_id=L26_V259,6,346,62315785,0.05803609732538462
processed/keyframes/dataset=ai_challenge_2025/batch=L26/profile=autoshot_v1/video_id=L26_V276,6,346,58955427,0.0549065200611949
processed/keyframes/dataset=ai_challenge_2025/batch=L26/profile=autoshot_v1/video_id=L26_V312,6,346,60299478,0.056158265098929405
processed/keyframes/dataset=ai_challenge_2025/batch=L26/profile=autoshot_v1/video_id=L26_V341,6,346,64151489,0.05974572990089655
processed/keyframes/dataset=ai_challenge_2025/batch=L26/profile=autoshot_v1/video_id=L26_V374,6,346,62368436,0.058085132390260696
processed/keyframes/dataset=ai_challenge_2025/batch=L26/profile=autoshot_v1/video_id=L26_V404,6,346,66464985,0.06190034095197916
processed/keyframes/dataset=ai_challenge_2025/batch=L26/profile=autoshot_v1/video_id=L26_V406,6,346,61243840,0.05703777074813843
processed/keyframes/dataset=ai_challenge_2025/batch=L26/profile=autoshot_v1/video_id=L26_V477,6,346,57386622,0.05344545654952526
processed/keyframes/dataset=ai_challenge_2025/batch=L26/profile=autoshot_v1/video_id=L26_V486,6,346,60257898,0.056119540706276894
processed/keyframes/dataset=ai_challenge_2025/batch=L26/profile=autoshot_v1/video_id=L26_V199,6,343,61802200,0.057557784020900726
processed/keyframes/dataset=ai_challenge_2025/batch=L26/profile=autoshot_v1/video_id=L26_V218,6,343,60646587,0.05648153554648161
processed/keyframes/dataset=ai_challenge_2025/batch=L26/profile=autoshot_v1/video_id=L26_V220,6,343,57551641,0.05359914246946573
processed/keyframes/dataset=ai_challenge_2025/batch=L26/profile=autoshot_v1/video_id=L26_V247,6,343,59476632,0.05539193004369736
processed/keyframes/dataset=ai_challenge_2025/batch=L26/profile=autoshot_v1/video_id=L26_V292,6,343,60269278,0.05613013915717602
processed/keyframes/dataset=ai_challenge_2025/batch=L26/profile=autoshot_v1/video_id=L26_V430,6,343,56110075,0.052256579510867596
processed/keyframes/dataset=ai_challenge_2025/batch=L26/profile=autoshot_v1/video_id=L26_V431,6,343,62051400,0.057789869606494904
processed/keyframes/dataset=ai_challenge_2025/batch=L26/profile=autoshot_v1/video_id=L26_V453,6,343,58938482,0.05489073880016804
processed/keyframes/dataset=ai_challenge_2025/batch=L26/profile=autoshot_v1/video_id=L26_V469,6,343,60777014,0.05660300515592098
processed/keyframes/dataset=ai_challenge_2025/batch=L26/profile=autoshot_v1/video_id=L26_V254,6,340,59288178,0.05521641857922077
processed/keyframes/dataset=ai_challenge_2025/batch=L26/profile=autoshot_v1/video_id=L26_V330,6,340,62202165,0.057930280454456806
processed/keyframes/dataset=ai_challenge_2025/batch=L26/profile=autoshot_v1/video_id=L26_V343,6,340,62200313,0.05792855564504862
processed/keyframes/dataset=ai_challenge_2025/batch=L26/profile=autoshot_v1/video_id=L26_V370,6,340,59871462,0.05575964413583279
processed/keyframes/dataset=ai_challenge_2025/batch=L26/profile=autoshot_v1/video_id=L26_V372,6,340,60874085,0.05669340956956148
processed/keyframes/dataset=ai_challenge_2025/batch=L26/profile=autoshot_v1/video_id=L26_V377,6,340,62910138,0.05858963169157505
processed/keyframes/dataset=ai_challenge_2025/batch=L26/profile=autoshot_v1/video_id=L26_V198,6,337,62792126,0.05847972445189953
processed/keyframes/dataset=ai_challenge_2025/batch=L26/profile=autoshot_v1/video_id=L26_V242,6,337,59321948,0.055247869342565536
processed/keyframes/dataset=ai_challenge_2025/batch=L26/profile=autoshot_v1/video_id=L26_V409,6,337,62587494,0.058289146050810814
processed/keyframes/dataset=ai_challenge_2025/batch=L26/profile=autoshot_v1/video_id=L26_V442,6,337,61209682,0.05700595863163471
processed/keyframes/dataset=ai_challenge_2025/batch=L26/profile=autoshot_v1/video_id=L26_V455,6,337,66018593,0.06148460600525141
processed/keyframes/dataset=ai_challenge_2025/batch=L26/profile=autoshot_v1/video_id=L26_V456,6,337,57114451,0.05319197755306959
processed/keyframes/dataset=ai_challenge_2025/batch=L26/profile=autoshot_v1/video_id=L26_V470,6,337,54605590,0.05085541866719723
processed/keyframes/dataset=ai_challenge_2025/batch=L26/profile=autoshot_v1/video_id=L26_V497,6,337,60750023,0.056577867828309536
processed/keyframes/dataset=ai_challenge_2025/batch=L26/profile=autoshot_v1/video_id=L26_V174,6,334,59350307,0.05527428071945906
processed/keyframes/dataset=ai_challenge_2025/batch=L26/profile=autoshot_v1/video_id=L26_V224,6,334,57857011,0.05388354044407606
processed/keyframes/dataset=ai_challenge_2025/batch=L26/profile=autoshot_v1/video_id=L26_V239,6,334,60962348,0.05677561089396477
processed/keyframes/dataset=ai_challenge_2025/batch=L26/profile=autoshot_v1/video_id=L26_V256,6,334,61825958,0.05757991038262844
processed/keyframes/dataset=ai_challenge_2025/batch=L26/profile=autoshot_v1/video_id=L26_V266,6,334,61645282,0.057411642745137215
processed/keyframes/dataset=ai_challenge_2025/batch=L26/profile=autoshot_v1/video_id=L26_V274,6,334,58512645,0.054494147188961506
processed/keyframes/dataset=ai_challenge_2025/batch=L26/profile=autoshot_v1/video_id=L26_V285,6,334,59730494,0.05562835745513439
processed/keyframes/dataset=ai_challenge_2025/batch=L26/profile=autoshot_v1/video_id=L26_V291,6,334,56674909,0.052782622165977955
processed/keyframes/dataset=ai_challenge_2025/batch=L26/profile=autoshot_v1/video_id=L26_V349,6,334,59688894,0.05558961443603039
processed/keyframes/dataset=ai_challenge_2025/batch=L26/profile=autoshot_v1/video_id=L26_V396,6,334,58313822,0.05430897884070873
processed/keyframes/dataset=ai_challenge_2025/batch=L26/profile=autoshot_v1/video_id=L26_V412,6,334,60680767,0.056513368152081966
processed/keyframes/dataset=ai_challenge_2025/batch=L26/profile=autoshot_v1/video_id=L26_V205,6,331,61429358,0.05721054784953594
processed/keyframes/dataset=ai_challenge_2025/batch=L26/profile=autoshot_v1/video_id=L26_V255,6,331,60184622,0.05605129711329937
processed/keyframes/dataset=ai_challenge_2025/batch=L26/profile=autoshot_v1/video_id=L26_V262,6,331,57123923,0.05320079904049635
processed/keyframes/dataset=ai_challenge_2025/batch=L26/profile=autoshot_v1/video_id=L26_V271,6,331,57271121,0.0533378878608346
processed/keyframes/dataset=ai_challenge_2025/batch=L26/profile=autoshot_v1/video_id=L26_V275,6,331,56949479,0.05303833540529013
processed/keyframes/dataset=ai_challenge_2025/batch=L26/profile=autoshot_v1/video_id=L26_V281,6,331,59878841,0.055766516365110874
processed/keyframes/dataset=ai_challenge_2025/batch=L26/profile=autoshot_v1/video_id=L26_V328,6,331,58103673,0.054113262332975864
processed/keyframes/dataset=ai_challenge_2025/batch=L26/profile=autoshot_v1/video_id=L26_V361,6,331,57898983,0.05392262991517782
processed/keyframes/dataset=ai_challenge_2025/batch=L26/profile=autoshot_v1/video_id=L26_V386,6,331,58857445,0.05481526721268892
processed/keyframes/dataset=ai_challenge_2025/batch=L26/profile=autoshot_v1/video_id=L26_V391,6,331,57926471,0.05394823011010885
processed/keyframes/dataset=ai_challenge_2025/batch=L26/profile=autoshot_v1/video_id=L26_V468,6,331,58208187,0.05421059858053923
processed/keyframes/dataset=ai_challenge_2025/batch=L26/profile=autoshot_v1/video_id=L26_V480,6,331,58234939,0.05423551332205534
processed/keyframes/dataset=ai_challenge_2025/batch=L26/profile=autoshot_v1/video_id=L26_V484,6,331,60751615,0.056579350493848324
processed/keyframes/dataset=ai_challenge_2025/batch=L26/profile=autoshot_v1/video_id=L26_V498,6,331,59682016,0.05558320879936218
processed/keyframes/dataset=ai_challenge_2025/batch=L26/profile=autoshot_v1/video_id=L26_V124,6,328,54765499,0.051004345528781414
processed/keyframes/dataset=ai_challenge_2025/batch=L26/profile=autoshot_v1/video_id=L26_V179,6,328,59740659,0.05563782434910536
processed/keyframes/dataset=ai_challenge_2025/batch=L26/profile=autoshot_v1/video_id=L26_V185,6,328,61609254,0.05737808905541897
processed/keyframes/dataset=ai_challenge_2025/batch=L26/profile=autoshot_v1/video_id=L26_V248,6,328,57442626,0.053497614338994026
processed/keyframes/dataset=ai_challenge_2025/batch=L26/profile=autoshot_v1/video_id=L26_V258,6,328,56052143,0.05220262613147497
processed/keyframes/dataset=ai_challenge_2025/batch=L26/profile=autoshot_v1/video_id=L26_V286,6,328,58246650,0.05424642004072666
processed/keyframes/dataset=ai_challenge_2025/batch=L26/profile=autoshot_v1/video_id=L26_V290,6,328,59550209,0.05546045396476984
processed/keyframes/dataset=ai_challenge_2025/batch=L26/profile=autoshot_v1/video_id=L26_V321,6,328,58797884,0.05475979670882225
processed/keyframes/dataset=ai_challenge_2025/batch=L26/profile=autoshot_v1/video_id=L26_V326,6,328,59882262,0.055769702419638634
processed/keyframes/dataset=ai_challenge_2025/batch=L26/profile=autoshot_v1/video_id=L26_V335,6,328,60345964,0.05620155856013298
processed/keyframes/dataset=ai_challenge_2025/batch=L26/profile=autoshot_v1/video_id=L26_V345,6,328,57762669,0.05379567760974169
processed/keyframes/dataset=ai_challenge_2025/batch=L26/profile=autoshot_v1/video_id=L26_V414,6,328,58255192,0.05425437539815903
processed/keyframes/dataset=ai_challenge_2025/batch=L26/profile=autoshot_v1/video_id=L26_V418,6,328,57925215,0.053947060368955135
processed/keyframes/dataset=ai_challenge_2025/batch=L26/profile=autoshot_v1/video_id=L26_V420,6,328,58168789,0.054173906333744526
processed/keyframes/dataset=ai_challenge_2025/batch=L26/profile=autoshot_v1/video_id=L26_V478,6,328,59384089,0.05530574265867472
processed/keyframes/dataset=ai_challenge_2025/batch=L26/profile=autoshot_v1/video_id=L26_V499,6,328,58032773,0.05404723156243563
processed/keyframes/dataset=ai_challenge_2025/batch=L26/profile=autoshot_v1/video_id=L26_V032,6,325,60542095,0.05638421978801489
processed/keyframes/dataset=ai_challenge_2025/batch=L26/profile=autoshot_v1/video_id=L26_V175,6,325,59604529,0.05551104340702295
processed/keyframes/dataset=ai_challenge_2025/batch=L26/profile=autoshot_v1/video_id=L26_V181,6,325,59652709,0.05555591452866793
processed/keyframes/dataset=ai_challenge_2025/batch=L26/profile=autoshot_v1/video_id=L26_V197,6,325,59960416,0.05584248900413513
processed/keyframes/dataset=ai_challenge_2025/batch=L26/profile=autoshot_v1/video_id=L26_V202,6,325,52458472,0.04885575920343399
processed/keyframes/dataset=ai_challenge_2025/batch=L26/profile=autoshot_v1/video_id=L26_V204,6,325,57000962,0.053086282685399055
processed/keyframes/dataset=ai_challenge_2025/batch=L26/profile=autoshot_v1/video_id=L26_V216,6,325,55526225,0.05171282682567835
processed/keyframes/dataset=ai_challenge_2025/batch=L26/profile=autoshot_v1/video_id=L26_V240,6,325,59753107,0.05564941745251417
processed/keyframes/dataset=ai_challenge_2025/batch=L26/profile=autoshot_v1/video_id=L26_V257,6,325,60164167,0.05603224691003561
processed/keyframes/dataset=ai_challenge_2025/batch=L26/profile=autoshot_v1/video_id=L26_V278,6,325,58570483,0.054548013024032116
processed/keyframes/dataset=ai_challenge_2025/batch=L26/profile=autoshot_v1/video_id=L26_V308,6,325,61029111,0.05683778878301382
processed/keyframes/dataset=ai_challenge_2025/batch=L26/profile=autoshot_v1/video_id=L26_V389,6,325,58097792,0.05410778522491455
processed/keyframes/dataset=ai_challenge_2025/batch=L26/profile=autoshot_v1/video_id=L26_V223,6,322,57145351,0.05322075542062521
processed/keyframes/dataset=ai_challenge_2025/batch=L26/profile=autoshot_v1/video_id=L26_V231,6,322,55176289,0.051386923529207706
processed/keyframes/dataset=ai_challenge_2025/batch=L26/profile=autoshot_v1/video_id=L26_V244,6,322,57328025,0.05339088384062052
processed/keyframes/dataset=ai_challenge_2025/batch=L26/profile=autoshot_v1/video_id=L26_V260,6,322,58138215,0.05414543207734823
processed/keyframes/dataset=ai_challenge_2025/batch=L26/profile=autoshot_v1/video_id=L26_V300,6,322,56804309,0.0529031353071332
processed/keyframes/dataset=ai_challenge_2025/batch=L26/profile=autoshot_v1/video_id=L26_V307,6,322,59376365,0.05529854912310839
processed/keyframes/dataset=ai_challenge_2025/batch=L26/profile=autoshot_v1/video_id=L26_V311,6,322,58483221,0.05446674395352602
processed/keyframes/dataset=ai_challenge_2025/batch=L26/profile=autoshot_v1/video_id=L26_V355,6,322,54844329,0.05107776168733835
processed/keyframes/dataset=ai_challenge_2025/batch=L26/profile=autoshot_v1/video_id=L26_V384,6,322,63266648,0.058921657502651215
processed/keyframes/dataset=ai_challenge_2025/batch=L26/profile=autoshot_v1/video_id=L26_V395,6,322,61234158,0.057028753682971
processed/keyframes/dataset=ai_challenge_2025/batch=L26/profile=autoshot_v1/video_id=L26_V436,6,322,52846498,0.049217136576771736
processed/keyframes/dataset=ai_challenge_2025/batch=L26/profile=autoshot_v1/video_id=L26_V445,6,322,57803311,0.05383352842181921
processed/keyframes/dataset=ai_challenge_2025/batch=L26/profile=autoshot_v1/video_id=L26_V447,6,322,56585859,0.052699687890708447
processed/keyframes/dataset=ai_challenge_2025/batch=L26/profile=autoshot_v1/video_id=L26_V465,6,322,57476502,0.0535291638225317
processed/keyframes/dataset=ai_challenge_2025/batch=L26/profile=autoshot_v1/video_id=L26_V493,6,322,60255302,0.05611712299287319
processed/keyframes/dataset=ai_challenge_2025/batch=L26/profile=autoshot_v1/video_id=L26_V113,6,319,54704720,0.05094774067401886
processed/keyframes/dataset=ai_challenge_2025/batch=L26/profile=autoshot_v1/video_id=L26_V265,6,319,59038119,0.054983532987535
processed/keyframes/dataset=ai_challenge_2025/batch=L26/profile=autoshot_v1/video_id=L26_V283,6,319,57568196,0.05361456051468849
processed/keyframes/dataset=ai_challenge_2025/batch=L26/profile=autoshot_v1/video_id=L26_V294,6,319,59535231,0.05544650461524725
processed/keyframes/dataset=ai_challenge_2025/batch=L26/profile=autoshot_v1/video_id=L26_V301,6,319,56232547,0.0523706404492259
processed/keyframes/dataset=ai_challenge_2025/batch=L26/profile=autoshot_v1/video_id=L26_V353,6,319,60313560,0.05617137998342514
processed/keyframes/dataset=ai_challenge_2025/batch=L26/profile=autoshot_v1/video_id=L26_V383,6,319,56958031,0.05304630007594824
processed/keyframes/dataset=ai_challenge_2025/batch=L26/profile=autoshot_v1/video_id=L26_V390,6,319,57490528,0.05354222655296326
processed/keyframes/dataset=ai_challenge_2025/batch=L26/profile=autoshot_v1/video_id=L26_V397,6,319,55128009,0.05134195927530527
processed/keyframes/dataset=ai_challenge_2025/batch=L26/profile=autoshot_v1/video_id=L26_V425,6,319,52152198,0.04857051931321621
processed/keyframes/dataset=ai_challenge_2025/batch=L26/profile=autoshot_v1/video_id=L26_V446,6,319,56101960,0.05224902182817459
processed/keyframes/dataset=ai_challenge_2025/batch=L26/profile=autoshot_v1/video_id=L26_V449,6,319,53385079,0.049718729220330715
processed/keyframes/dataset=ai_challenge_2025/batch=L26/profile=autoshot_v1/video_id=L26_V459,6,319,56971857,0.05305917654186487
processed/keyframes/dataset=ai_challenge_2025/batch=L26/profile=autoshot_v1/video_id=L26_V462,6,319,53640440,0.0499565526843071
processed/keyframes/dataset=ai_challenge_2025/batch=L26/profile=autoshot_v1/video_id=L26_V472,6,319,54409447,0.050672746263444424
processed/keyframes/dataset=ai_challenge_2025/batch=L26/profile=autoshot_v1/video_id=L26_V109,6,316,63880919,0.05949374195188284
processed/keyframes/dataset=ai_challenge_2025/batch=L26/profile=autoshot_v1/video_id=L26_V152,6,316,53837122,0.05013972707092762
processed/keyframes/dataset=ai_challenge_2025/batch=L26/profile=autoshot_v1/video_id=L26_V203,6,316,58816361,0.05477700475603342
processed/keyframes/dataset=ai_challenge_2025/batch=L26/profile=autoshot_v1/video_id=L26_V211,6,316,57558268,0.05360531434416771
processed/keyframes/dataset=ai_challenge_2025/batch=L26/profile=autoshot_v1/video_id=L26_V217,6,316,55055328,0.051274269819259644
processed/keyframes/dataset=ai_challenge_2025/batch=L26/profile=autoshot_v1/video_id=L26_V253,6,316,56513877,0.052632649429142475
processed/keyframes/dataset=ai_challenge_2025/batch=L26/profile=autoshot_v1/video_id=L26_V263,6,316,59689121,0.055589825846254826
processed/keyframes/dataset=ai_challenge_2025/batch=L26/profile=autoshot_v1/video_id=L26_V264,6,316,56836106,0.052932748571038246
processed/keyframes/dataset=ai_challenge_2025/batch=L26/profile=autoshot_v1/video_id=L26_V295,6,316,57985434,0.054003143683075905
processed/keyframes/dataset=ai_challenge_2025/batch=L26/profile=autoshot_v1/video_id=L26_V299,6,316,54435340,0.05069686099886894
processed/keyframes/dataset=ai_challenge_2025/batch=L26/profile=autoshot_v1/video_id=L26_V323,6,316,55313209,0.05151444021612406
processed/keyframes/dataset=ai_challenge_2025/batch=L26/profile=autoshot_v1/video_id=L26_V340,6,316,55116687,0.051331414841115475
processed/keyframes/dataset=ai_challenge_2025/batch=L26/profile=autoshot_v1/video_id=L26_V367,6,316,56263710,0.052399663254618645
processed/keyframes/dataset=ai_challenge_2025/batch=L26/profile=autoshot_v1/video_id=L26_V373,6,316,52120637,0.04854112584143877
processed/keyframes/dataset=ai_challenge_2025/batch=L26/profile=autoshot_v1/video_id=L26_V382,6,316,55923259,0.05208259355276823
processed/keyframes/dataset=ai_challenge_2025/batch=L26/profile=autoshot_v1/video_id=L26_V394,6,316,54542611,0.05079676490277052
processed/keyframes/dataset=ai_challenge_2025/batch=L26/profile=autoshot_v1/video_id=L26_V403,6,316,55588094,0.051770446822047234
processed/keyframes/dataset=ai_challenge_2025/batch=L26/profile=autoshot_v1/video_id=L26_V410,6,316,57089661,0.053168890066444874
processed/keyframes/dataset=ai_challenge_2025/batch=L26/profile=autoshot_v1/video_id=L26_V438,6,316,56869941,0.05296425987035036
processed/keyframes/dataset=ai_challenge_2025/batch=L26/profile=autoshot_v1/video_id=L26_V475,6,316,56515058,0.052633749321103096
processed/keyframes/dataset=ai_challenge_2025/batch=L26/profile=autoshot_v1/video_id=L26_V492,6,316,50817651,0.047327625565230846
processed/keyframes/dataset=ai_challenge_2025/batch=L24/profile=autoshot_v1/video_id=L24_V004,6,313,78459237,0.07307085860520601
processed/keyframes/dataset=ai_challenge_2025/batch=L26/profile=autoshot_v1/video_id=L26_V151,6,313,55399851,0.05159513186663389
processed/keyframes/dataset=ai_challenge_2025/batch=L26/profile=autoshot_v1/video_id=L26_V200,6,313,53822714,0.05012630857527256
processed/keyframes/dataset=ai_challenge_2025/batch=L26/profile=autoshot_v1/video_id=L26_V251,6,313,55350319,0.05154900159686804
processed/keyframes/dataset=ai_challenge_2025/batch=L26/profile=autoshot_v1/video_id=L26_V297,6,313,50818196,0.04732813313603401
processed/keyframes/dataset=ai_challenge_2025/batch=L26/profile=autoshot_v1/video_id=L26_V306,6,313,53943328,0.05023863911628723
processed/keyframes/dataset=ai_challenge_2025/batch=L26/profile=autoshot_v1/video_id=L26_V314,6,313,57818119,0.053847319446504116
processed/keyframes/dataset=ai_challenge_2025/batch=L26/profile=autoshot_v1/video_id=L26_V364,6,313,57953871,0.053973748348653316
processed/keyframes/dataset=ai_challenge_2025/batch=L26/profile=autoshot_v1/video_id=L26_V379,6,313,58306892,0.05430252477526665
processed/keyframes/dataset=ai_challenge_2025/batch=L26/profile=autoshot_v1/video_id=L26_V068,6,310,60573752,0.05641370266675949
processed/keyframes/dataset=ai_challenge_2025/batch=L26/profile=autoshot_v1/video_id=L26_V069,6,310,57821504,0.05385047197341919
processed/keyframes/dataset=ai_challenge_2025/batch=L26/profile=autoshot_v1/video_id=L26_V134,6,310,58830176,0.05478987097740173
processed/keyframes/dataset=ai_challenge_2025/batch=L26/profile=autoshot_v1/video_id=L26_V213,6,310,56324401,0.05245618615299463
processed/keyframes/dataset=ai_challenge_2025/batch=L26/profile=autoshot_v1/video_id=L26_V235,6,310,56531849,0.052649387158453465
processed/keyframes/dataset=ai_challenge_2025/batch=L26/profile=autoshot_v1/video_id=L26_V252,6,310,50829468,0.04733863100409508
processed/keyframes/dataset=ai_challenge_2025/batch=L26/profile=autoshot_v1/video_id=L26_V284,6,310,56356428,0.05248601362109184
processed/keyframes/dataset=ai_challenge_2025/batch=L26/profile=autoshot_v1/video_id=L26_V317,6,310,56748486,0.05285114608705044
processed/keyframes/dataset=ai_challenge_2025/batch=L26/profile=autoshot_v1/video_id=L26_V334,6,310,55052561,0.05127169284969568
processed/keyframes/dataset=ai_challenge_2025/batch=L26/profile=autoshot_v1/video_id=L26_V362,6,310,54343309,0.050611150451004505
processed/keyframes/dataset=ai_challenge_2025/batch=L26/profile=autoshot_v1/video_id=L26_V371,6,310,54041861,0.05033040512353182
processed/keyframes/dataset=ai_challenge_2025/batch=L26/profile=autoshot_v1/video_id=L26_V407,6,310,50502225,0.047033862210810184
processed/keyframes/dataset=ai_challenge_2025/batch=L26/profile=autoshot_v1/video_id=L26_V439,6,310,55824350,0.05199047736823559
processed/keyframes/dataset=ai_challenge_2025/batch=L26/profile=autoshot_v1/video_id=L26_V452,6,310,56218608,0.05235765874385834
processed/keyframes/dataset=ai_challenge_2025/batch=L26/profile=autoshot_v1/video_id=L26_V458,6,310,54919632,0.05114789307117462
processed/keyframes/dataset=ai_challenge_2025/batch=L26/profile=autoshot_v1/video_id=L26_V464,6,310,55410096,0.05160467326641083
processed/keyframes/dataset=ai_challenge_2025/batch=L26/profile=autoshot_v1/video_id=L26_V133,6,307,59901428,0.055787552148103714
processed/keyframes/dataset=ai_challenge_2025/batch=L26/profile=autoshot_v1/video_id=L26_V147,6,307,53581346,0.04990151710808277
processed/keyframes/dataset=ai_challenge_2025/batch=L26/profile=autoshot_v1/video_id=L26_V167,6,307,56955666,0.05304409749805927
processed/keyframes/dataset=ai_challenge_2025/batch=L26/profile=autoshot_v1/video_id=L26_V188,6,307,57854849,0.05388152692466974
processed/keyframes/dataset=ai_challenge_2025/batch=L26/profile=autoshot_v1/video_id=L26_V192,6,307,56556483,0.05267232935875654
processed/keyframes/dataset=ai_challenge_2025/batch=L26/profile=autoshot_v1/video_id=L26_V208,6,307,55504631,0.0516927158460021
processed/keyframes/dataset=ai_challenge_2025/batch=L26/profile=autoshot_v1/video_id=L26_V230,6,307,55096613,0.051312719471752644
processed/keyframes/dataset=ai_challenge_2025/batch=L26/profile=autoshot_v1/video_id=L26_V273,6,307,51537700,0.04799822345376015
processed/keyframes/dataset=ai_challenge_2025/batch=L26/profile=autoshot_v1/video_id=L26_V279,6,307,49390232,0.045998238027095795
processed/keyframes/dataset=ai_challenge_2025/batch=L26/profile=autoshot_v1/video_id=L26_V313,6,307,55548214,0.05173330567777157
processed/keyframes/dataset=ai_challenge_2025/batch=L26/profile=autoshot_v1/video_id=L26_V344,6,307,55785865,0.05195463541895151
processed/keyframes/dataset=ai_challenge_2025/batch=L26/profile=autoshot_v1/video_id=L26_V360,6,307,55727516,0.05190029367804527
processed/keyframes/dataset=ai_challenge_2025/batch=L26/profile=autoshot_v1/video_id=L26_V380,6,307,54952206,0.051178229972720146
processed/keyframes/dataset=ai_challenge_2025/batch=L26/profile=autoshot_v1/video_id=L26_V422,6,307,56396061,0.05252292472869158
processed/keyframes/dataset=ai_challenge_2025/batch=L26/profile=autoshot_v1/video_id=L26_V013,6,304,58484550,0.054467981681227684
processed/keyframes/dataset=ai_challenge_2025/batch=L26/profile=autoshot_v1/video_id=L26_V122,6,304,52150157,0.04856861848384142
processed/keyframes/dataset=ai_challenge_2025/batch=L26/profile=autoshot_v1/video_id=L26_V146,6,304,55991054,0.05214573256671429
processed/keyframes/dataset=ai_challenge_2025/batch=L26/profile=autoshot_v1/video_id=L26_V148,6,304,54575852,0.05082772299647331
processed/keyframes/dataset=ai_challenge_2025/batch=L26/profile=autoshot_v1/video_id=L26_V170,6,304,54860960,0.05109325051307678
processed/keyframes/dataset=ai_challenge_2025/batch=L26/profile=autoshot_v1/video_id=L26_V194,6,304,52813782,0.049186667427420616
processed/keyframes/dataset=ai_challenge_2025/batch=L26/profile=autoshot_v1/video_id=L26_V201,6,304,53790456,0.050096265971660614
processed/keyframes/dataset=ai_challenge_2025/batch=L26/profile=autoshot_v1/video_id=L26_V206,6,304,53393047,0.04972614999860525
processed/keyframes/dataset=ai_challenge_2025/batch=L26/profile=autoshot_v1/video_id=L26_V225,6,304,54452249,0.050712608732283115
processed/keyframes/dataset=ai_challenge_2025/batch=L26/profile=autoshot_v1/video_id=L26_V237,6,304,52817219,0.04918986838310957
processed/keyframes/dataset=ai_challenge_2025/batch=L26/profile=autoshot_v1/video_id=L26_V245,6,304,52863898,0.049233341589570045
processed/keyframes/dataset=ai_challenge_2025/batch=L26/profile=autoshot_v1/video_id=L26_V293,6,304,56934153,0.05302406195551157
processed/keyframes/dataset=ai_challenge_2025/batch=L26/profile=autoshot_v1/video_id=L26_V305,6,304,54283474,0.05055542476475239
processed/keyframes/dataset=ai_challenge_2025/batch=L26/profile=autoshot_v1/video_id=L26_V325,6,304,53765639,0.05007315333932638
processed/keyframes/dataset=ai_challenge_2025/batch=L26/profile=autoshot_v1/video_id=L26_V359,6,304,53634625,0.04995113704353571
processed/keyframes/dataset=ai_challenge_2025/batch=L26/profile=autoshot_v1/video_id=L26_V387,6,304,51577280,0.04803508520126343
processed/keyframes/dataset=ai_challenge_2025/batch=L26/profile=autoshot_v1/video_id=L26_V426,6,304,55032150,0.051252683624625206
processed/keyframes/dataset=ai_challenge_2025/batch=L26/profile=autoshot_v1/video_id=L26_V427,6,304,51661088,0.0481131374835968
processed/keyframes/dataset=ai_challenge_2025/batch=L26/profile=autoshot_v1/video_id=L26_V037,6,301,57323153,0.05338634643703699
processed/keyframes/dataset=ai_challenge_2025/batch=L26/profile=autoshot_v1/video_id=L26_V075,6,301,54869512,0.051101215183734894
processed/keyframes/dataset=ai_challenge_2025/batch=L26/profile=autoshot_v1/video_id=L26_V093,6,301,54343479,0.05061130877584219
processed/keyframes/dataset=ai_challenge_2025/batch=L26/profile=autoshot_v1/video_id=L26_V112,6,301,52851207,0.0492215221747756
processed/keyframes/dataset=ai_challenge_2025/batch=L26/profile=autoshot_v1/video_id=L26_V139,6,301,58144224,0.0541510283946991
processed/keyframes/dataset=ai_challenge_2025/batch=L26/profile=autoshot_v1/video_id=L26_V193,6,301,56445069,0.05256856698542833
processed/keyframes/dataset=ai_challenge_2025/batch=L26/profile=autoshot_v1/video_id=L26_V207,6,301,52114059,0.04853499960154295
processed/keyframes/dataset=ai_challenge_2025/batch=L26/profile=autoshot_v1/video_id=L26_V215,6,301,53280653,0.04962147492915392
processed/keyframes/dataset=ai_challenge_2025/batch=L26/profile=autoshot_v1/video_id=L26_V233,6,301,54950707,0.0511768339201808
processed/keyframes/dataset=ai_challenge_2025/batch=L26/profile=autoshot_v1/video_id=L26_V246,6,301,52556689,0.048947230912745
processed/keyframes/dataset=ai_challenge_2025/batch=L26/profile=autoshot_v1/video_id=L26_V280,6,301,52094970,0.048517221584916115
processed/keyframes/dataset=ai_challenge_2025/batch=L26/profile=autoshot_v1/video_id=L26_V288,6,301,53531400,0.04985500127077103
processed/keyframes/dataset=ai_challenge_2025/batch=L26/profile=autoshot_v1/video_id=L26_V322,6,301,54389985,0.05065462086349726
processed/keyframes/dataset=ai_challenge_2025/batch=L26/profile=autoshot_v1/video_id=L26_V332,6,301,52712610,0.04909244365990162
processed/keyframes/dataset=ai_challenge_2025/batch=L26/profile=autoshot_v1/video_id=L26_V457,6,301,53610700,0.049928855150938034
processed/keyframes/dataset=ai_challenge_2025/batch=L26/profile=autoshot_v1/video_id=L26_V494,6,301,53739132,0.05004846677184105
processed/keyframes/dataset=ai_challenge_2025/batch=L26/profile=autoshot_v1/video_id=L26_V083,6,298,53047139,0.04940399806946516
processed/keyframes/dataset=ai_challenge_2025/batch=L26/profile=autoshot_v1/video_id=L26_V142,6,298,49448626,0.04605262167751789
processed/keyframes/dataset=ai_challenge_2025/batch=L26/profile=autoshot_v1/video_id=L26_V219,6,298,54053308,0.05034106597304344
processed/keyframes/dataset=ai_challenge_2025/batch=L26/profile=autoshot_v1/video_id=L26_V304,6,298,52296084,0.04870452359318733
processed/keyframes/dataset=ai_challenge_2025/batch=L26/profile=autoshot_v1/video_id=L26_V310,6,298,52051204,0.048476461321115494
processed/keyframes/dataset=ai_challenge_2025/batch=L26/profile=autoshot_v1/video_id=L26_V392,6,298,57385188,0.05344412103295326
processed/keyframes/dataset=ai_challenge_2025/batch=L26/profile=autoshot_v1/video_id=L26_V421,6,298,52297012,0.048705387860536575
processed/keyframes/dataset=ai_challenge_2025/batch=L26/profile=autoshot_v1/video_id=L26_V016,6,295,56401966,0.05252842418849468
processed/keyframes/dataset=ai_challenge_2025/batch=L26/profile=autoshot_v1/video_id=L26_V036,6,295,56462624,0.05258491635322571
processed/keyframes/dataset=ai_challenge_2025/batch=L26/profile=autoshot_v1/video_id=L26_V072,6,295,58483914,0.05446738936007023
processed/keyframes/dataset=ai_challenge_2025/batch=L26/profile=autoshot_v1/video_id=L26_V074,6,295,55936001,0.05209446046501398
processed/keyframes/dataset=ai_challenge_2025/batch=L26/profile=autoshot_v1/video_id=L26_V082,6,295,57537156,0.05358565226197243
processed/keyframes/dataset=ai_challenge_2025/batch=L26/profile=autoshot_v1/video_id=L26_V095,6,295,54682483,0.050927030853927135
processed/keyframes/dataset=ai_challenge_2025/batch=L26/profile=autoshot_v1/video_id=L26_V115,6,295,51984018,0.04841388948261738
processed/keyframes/dataset=ai_challenge_2025/batch=L26/profile=autoshot_v1/video_id=L26_V116,6,295,54939333,0.05116624105721712
processed/keyframes/dataset=ai_challenge_2025/batch=L26/profile=autoshot_v1/video_id=L26_V157,6,295,51221468,0.047703709453344345
processed/keyframes/dataset=ai_challenge_2025/batch=L26/profile=autoshot_v1/video_id=L26_V168,6,295,55464968,0.05165577679872513
processed/keyframes/dataset=ai_challenge_2025/batch=L26/profile=autoshot_v1/video_id=L26_V187,6,295,53494616,0.04982074350118637
processed/keyframes/dataset=ai_challenge_2025/batch=L26/profile=autoshot_v1/video_id=L26_V190,6,295,49516851,0.04611616116017103
processed/keyframes/dataset=ai_challenge_2025/batch=L26/profile=autoshot_v1/video_id=L26_V191,6,295,50579070,0.04710542969405651
processed/keyframes/dataset=ai_challenge_2025/batch=L26/profile=autoshot_v1/video_id=L26_V222,6,295,54409892,0.05067316070199013
processed/keyframes/dataset=ai_challenge_2025/batch=L26/profile=autoshot_v1/video_id=L26_V331,6,295,50569128,0.047096170485019684
processed/keyframes/dataset=ai_challenge_2025/batch=L26/profile=autoshot_v1/video_id=L26_V411,6,295,52226754,0.04863995499908924
processed/keyframes/dataset=ai_challenge_2025/batch=L26/profile=autoshot_v1/video_id=L26_V451,6,295,52344557,0.04874966759234667
processed/keyframes/dataset=ai_challenge_2025/batch=L26/profile=autoshot_v1/video_id=L26_V454,6,295,53252093,0.0495948763564229
processed/keyframes/dataset=ai_challenge_2025/batch=L26/profile=autoshot_v1/video_id=L26_V467,6,295,52737027,0.049115183763206005
processed/keyframes/dataset=ai_challenge_2025/batch=L26/profile=autoshot_v1/video_id=L26_V035,6,292,56551704,0.052667878568172455
processed/keyframes/dataset=ai_challenge_2025/batch=L26/profile=autoshot_v1/video_id=L26_V088,6,292,51942213,0.04837495554238558
processed/keyframes/dataset=ai_challenge_2025/batch=L26/profile=autoshot_v1/video_id=L26_V096,6,292,51932157,0.048365590162575245
processed/keyframes/dataset=ai_challenge_2025/batch=L26/profile=autoshot_v1/video_id=L26_V108,6,292,51087381,0.04757883120328188
processed/keyframes/dataset=ai_challenge_2025/batch=L26/profile=autoshot_v1/video_id=L26_V123,6,292,53297048,0.04963674396276474
processed/keyframes/dataset=ai_challenge_2025/batch=L26/profile=autoshot_v1/video_id=L26_V136,6,292,51431816,0.04789961129426956
processed/keyframes/dataset=ai_challenge_2025/batch=L26/profile=autoshot_v1/video_id=L26_V155,6,292,54041068,0.05032966658473015
processed/keyframes/dataset=ai_challenge_2025/batch=L26/profile=autoshot_v1/video_id=L26_V156,6,292,54908558,0.05113757960498333
processed/keyframes/dataset=ai_challenge_2025/batch=L26/profile=autoshot_v1/video_id=L26_V161,6,292,53242483,0.049585926346480846
processed/keyframes/dataset=ai_challenge_2025/batch=L26/profile=autoshot_v1/video_id=L26_V176,6,292,52229617,0.048642621375620365
processed/keyframes/dataset=ai_challenge_2025/batch=L26/profile=autoshot_v1/video_id=L26_V184,6,292,52542542,0.048934055492281914
processed/keyframes/dataset=ai_challenge_2025/batch=L26/profile=autoshot_v1/video_id=L26_V282,6,292,55286582,0.05148964188992977
processed/keyframes/dataset=ai_challenge_2025/batch=L26/profile=autoshot_v1/video_id=L26_V319,6,292,53659939,0.049974712543189526
processed/keyframes/dataset=ai_challenge_2025/batch=L26/profile=autoshot_v1/video_id=L26_V460,6,292,46304741,0.04312465060502291
processed/keyframes/dataset=ai_challenge_2025/batch=L26/profile=autoshot_v1/video_id=L26_V463,6,292,50224935,0.04677561577409506
processed/keyframes/dataset=ai_challenge_2025/batch=L26/profile=autoshot_v1/video_id=L26_V474,6,292,52851456,0.04922175407409668
processed/keyframes/dataset=ai_challenge_2025/batch=L26/profile=autoshot_v1/video_id=L26_V034,6,289,54470195,0.050729322247207165
processed/keyframes/dataset=ai_challenge_2025/batch=L26/profile=autoshot_v1/video_id=L26_V050,6,289,52519302,0.04891241155564785
processed/keyframes/dataset=ai_challenge_2025/batch=L26/profile=autoshot_v1/video_id=L26_V070,6,289,54830032,0.051064446568489075
processed/keyframes/dataset=ai_challenge_2025/batch=L26/profile=autoshot_v1/video_id=L26_V077,6,289,53135839,0.04948660638183355
processed/keyframes/dataset=ai_challenge_2025/batch=L26/profile=autoshot_v1/video_id=L26_V110,6,289,52352405,0.04875697661191225
processed/keyframes/dataset=ai_challenge_2025/batch=L26/profile=autoshot_v1/video_id=L26_V141,6,289,53667698,0.04998193867504597
processed/keyframes/dataset=ai_challenge_2025/batch=L26/profile=autoshot_v1/video_id=L26_V315,6,289,54157449,0.05043805483728647
processed/keyframes/dataset=ai_challenge_2025/batch=L26/profile=autoshot_v1/video_id=L26_V402,6,289,56509562,0.05262863077223301
processed/keyframes/dataset=ai_challenge_2025/batch=L26/profile=autoshot_v1/video_id=L26_V415,6,289,51196363,0.047680328600108624
processed/keyframes/dataset=ai_challenge_2025/batch=L26/profile=autoshot_v1/video_id=L26_V424,6,289,50456654,0.04699142090976238
processed/keyframes/dataset=ai_challenge_2025/batch=L26/profile=autoshot_v1/video_id=L26_V012,6,286,57740567,0.053775093518197536
processed/keyframes/dataset=ai_challenge_2025/batch=L26/profile=autoshot_v1/video_id=L26_V065,6,286,55364546,0.05156225152313709
processed/keyframes/dataset=ai_challenge_2025/batch=L26/profile=autoshot_v1/video_id=L26_V084,6,286,51566144,0.04802471399307251
processed/keyframes/dataset=ai_challenge_2025/batch=L26/profile=autoshot_v1/video_id=L26_V101,6,286,54840566,0.051074257120490074
processed/keyframes/dataset=ai_challenge_2025/batch=L26/profile=autoshot_v1/video_id=L26_V119,6,286,52620041,0.04900623206049204
processed/keyframes/dataset=ai_challenge_2025/batch=L26/profile=autoshot_v1/video_id=L26_V128,6,286,50761534,0.04727536253631115
processed/keyframes/dataset=ai_challenge_2025/batch=L26/profile=autoshot_v1/video_id=L26_V135,6,286,52691663,0.04907293524593115
processed/keyframes/dataset=ai_challenge_2025/batch=L26/profile=autoshot_v1/video_id=L26_V159,6,286,51736900,0.04818374291062355
processed/keyframes/dataset=ai_challenge_2025/batch=L26/profile=autoshot_v1/video_id=L26_V189,6,286,51570557,0.04802882391959429
processed/keyframes/dataset=ai_challenge_2025/batch=L26/profile=autoshot_v1/video_id=L26_V369,6,286,48523475,0.045191007666289806
processed/keyframes/dataset=ai_challenge_2025/batch=L26/profile=autoshot_v1/video_id=L26_V376,6,286,50221924,0.04677281156182289
processed/keyframes/dataset=ai_challenge_2025/batch=L26/profile=autoshot_v1/video_id=L26_V419,6,286,47737876,0.04445936158299446
processed/keyframes/dataset=ai_challenge_2025/batch=L26/profile=autoshot_v1/video_id=L26_V444,6,286,53049351,0.04940605815500021
processed/keyframes/dataset=ai_challenge_2025/batch=L26/profile=autoshot_v1/video_id=L26_V473,6,286,50890374,0.04739535413682461
processed/keyframes/dataset=ai_challenge_2025/batch=L24/profile=autoshot_v1/video_id=L24_V002,6,283,73164115,0.06813939195126295
processed/keyframes/dataset=ai_challenge_2025/batch=L24/profile=autoshot_v1/video_id=L24_V003,6,283,66547406,0.06197710148990154
processed/keyframes/dataset=ai_challenge_2025/batch=L26/profile=autoshot_v1/video_id=L26_V021,6,283,55448912,0.0516408234834671
processed/keyframes/dataset=ai_challenge_2025/batch=L26/profile=autoshot_v1/video_id=L26_V055,6,283,55351432,0.051550038158893585
processed/keyframes/dataset=ai_challenge_2025/batch=L26/profile=autoshot_v1/video_id=L26_V066,6,283,50065439,0.04662707354873419
processed/keyframes/dataset=ai_challenge_2025/batch=L26/profile=autoshot_v1/video_id=L26_V076,6,283,55058957,0.05127764958888292
processed/keyframes/dataset=ai_challenge_2025/batch=L26/profile=autoshot_v1/video_id=L26_V103,6,283,49642136,0.04623284190893173
processed/keyframes/dataset=ai_challenge_2025/batch=L26/profile=autoshot_v1/video_id=L26_V114,6,283,48160806,0.044853245839476585
processed/keyframes/dataset=ai_challenge_2025/batch=L26/profile=autoshot_v1/video_id=L26_V143,6,283,52056412,0.04848131164908409
processed/keyframes/dataset=ai_challenge_2025/batch=L26/profile=autoshot_v1/video_id=L26_V228,6,283,50649841,0.04717134032398462
processed/keyframes/dataset=ai_challenge_2025/batch=L26/profile=autoshot_v1/video_id=L26_V236,6,283,52032098,0.04845866747200489
processed/keyframes/dataset=ai_challenge_2025/batch=L26/profile=autoshot_v1/video_id=L26_V238,6,283,53525755,0.04984974395483732
processed/keyframes/dataset=ai_challenge_2025/batch=L26/profile=autoshot_v1/video_id=L26_V352,6,283,50857489,0.04736472759395838
processed/keyframes/dataset=ai_challenge_2025/batch=L26/profile=autoshot_v1/video_id=L26_V033,6,280,54665830,0.050911521539092064
processed/keyframes/dataset=ai_challenge_2025/batch=L26/profile=autoshot_v1/video_id=L26_V046,6,280,50949561,0.047450476326048374
processed/keyframes/dataset=ai_challenge_2025/batch=L26/profile=autoshot_v1/video_id=L26_V078,6,280,49991786,0.046558478847146034
processed/keyframes/dataset=ai_challenge_2025/batch=L26/profile=autoshot_v1/video_id=L26_V092,6,280,51872719,0.04831023421138525
processed/keyframes/dataset=ai_challenge_2025/batch=L26/profile=autoshot_v1/video_id=L26_V097,6,280,50282139,0.04682889115065336
processed/keyframes/dataset=ai_challenge_2025/batch=L26/profile=autoshot_v1/video_id=L26_V105,6,280,52197879,0.04861306305974722
processed/keyframes/dataset=ai_challenge_2025/batch=L26/profile=autoshot_v1/video_id=L26_V111,6,280,52634695,0.049019879661500454
processed/keyframes/dataset=ai_challenge_2025/batch=L26/profile=autoshot_v1/video_id=L26_V127,6,280,52558420,0.04894884303212166
processed/keyframes/dataset=ai_challenge_2025/batch=L26/profile=autoshot_v1/video_id=L26_V145,6,280,50523337,0.047053524293005466
processed/keyframes/dataset=ai_challenge_2025/batch=L26/profile=autoshot_v1/video_id=L26_V014,6,277,51566783,0.04802530910819769
processed/keyframes/dataset=ai_challenge_2025/batch=L26/profile=autoshot_v1/video_id=L26_V061,6,277,51530105,0.04799115005880594
processed/keyframes/dataset=ai_challenge_2025/batch=L26/profile=autoshot_v1/video_id=L26_V062,6,277,50048410,0.04661121405661106
processed/keyframes/dataset=ai_challenge_2025/batch=L26/profile=autoshot_v1/video_id=L26_V091,6,277,50804491,0.04731536936014891
processed/keyframes/dataset=ai_challenge_2025/batch=L26/profile=autoshot_v1/video_id=L26_V102,6,277,45949868,0.04279414936900139
processed/keyframes/dataset=ai_challenge_2025/batch=L26/profile=autoshot_v1/video_id=L26_V104,6,277,50023865,0.046588354744017124
processed/keyframes/dataset=ai_challenge_2025/batch=L26/profile=autoshot_v1/video_id=L26_V125,6,277,49053036,0.045684199780225754
processed/keyframes/dataset=ai_challenge_2025/batch=L26/profile=autoshot_v1/video_id=L26_V153,6,277,48734367,0.045387416146695614
processed/keyframes/dataset=ai_challenge_2025/batch=L26/profile=autoshot_v1/video_id=L26_V309,6,277,47519355,0.04425584804266691
processed/keyframes/dataset=ai_challenge_2025/batch=L26/profile=autoshot_v1/video_id=L26_V045,6,274,49049736,0.04568112641572952
processed/keyframes/dataset=ai_challenge_2025/batch=L26/profile=autoshot_v1/video_id=L26_V138,6,274,51265036,0.04774428531527519
processed/keyframes/dataset=ai_challenge_2025/batch=L26/profile=autoshot_v1/video_id=L26_V289,6,274,48220666,0.04490899480879307
processed/keyframes/dataset=ai_challenge_2025/batch=L26/profile=autoshot_v1/video_id=L26_V413,6,274,47976864,0.044681936502456665
processed/keyframes/dataset=ai_challenge_2025/batch=L26/profile=autoshot_v1/video_id=L26_V008,6,271,53881664,0.05018121004104614
processed/keyframes/dataset=ai_challenge_2025/batch=L26/profile=autoshot_v1/video_id=L26_V040,6,271,52542962,0.04893444664776325
processed/keyframes/dataset=ai_challenge_2025/batch=L26/profile=autoshot_v1/video_id=L26_V041,6,271,48598047,0.04526045825332403
processed/keyframes/dataset=ai_challenge_2025/batch=L26/profile=autoshot_v1/video_id=L26_V073,6,271,50647035,0.04716872703284025
processed/keyframes/dataset=ai_challenge_2025/batch=L26/profile=autoshot_v1/video_id=L26_V120,6,271,48478225,0.045148865319788456
processed/keyframes/dataset=ai_challenge_2025/batch=L26/profile=autoshot_v1/video_id=L26_V140,6,271,51089831,0.04758111294358969
processed/keyframes/dataset=ai_challenge_2025/batch=L26/profile=autoshot_v1/video_id=L26_V423,6,271,51266518,0.04774566553533077
processed/keyframes/dataset=ai_challenge_2025/batch=L26/profile=autoshot_v1/video_id=L26_V024,6,268,47942257,0.04464970622211695
processed/keyframes/dataset=ai_challenge_2025/batch=L26/profile=autoshot_v1/video_id=L26_V052,6,268,48770698,0.04542125202715397
processed/keyframes/dataset=ai_challenge_2025/batch=L26/profile=autoshot_v1/video_id=L26_V056,6,268,46738261,0.04352839756757021
processed/keyframes/dataset=ai_challenge_2025/batch=L26/profile=autoshot_v1/video_id=L26_V080,6,268,48663406,0.045321328565478325
processed/keyframes/dataset=ai_challenge_2025/batch=L26/profile=autoshot_v1/video_id=L26_V085,6,268,48324202,0.045005420222878456
processed/keyframes/dataset=ai_challenge_2025/batch=L26/profile=autoshot_v1/video_id=L26_V118,6,268,50838591,0.047347127459943295
processed/keyframes/dataset=ai_challenge_2025/batch=L26/profile=autoshot_v1/video_id=L26_V027,6,265,49679775,0.046267895959317684
processed/keyframes/dataset=ai_challenge_2025/batch=L26/profile=autoshot_v1/video_id=L26_V044,6,265,46500586,0.043307045474648476
processed/keyframes/dataset=ai_challenge_2025/batch=L26/profile=autoshot_v1/video_id=L26_V049,6,265,50097289,0.04665673617273569
processed/keyframes/dataset=ai_challenge_2025/batch=L26/profile=autoshot_v1/video_id=L26_V079,6,265,46832072,0.04361576586961746
processed/keyframes/dataset=ai_challenge_2025/batch=L26/profile=autoshot_v1/video_id=L26_V132,6,265,48374764,0.045052509754896164
processed/keyframes/dataset=ai_challenge_2025/batch=L26/profile=autoshot_v1/video_id=L26_V137,6,265,50151424,0.0467071533203125
processed/keyframes/dataset=ai_challenge_2025/batch=L26/profile=autoshot_v1/video_id=L26_V144,6,265,45537291,0.04240990709513426
processed/keyframes/dataset=ai_challenge_2025/batch=L26/profile=autoshot_v1/video_id=L26_V357,6,265,47190107,0.043949211947619915
processed/keyframes/dataset=ai_challenge_2025/batch=L30/profile=autoshot_v1/video_id=L30_V052,6,265,39538231,0.036822847090661526
processed/keyframes/dataset=ai_challenge_2025/batch=L26/profile=autoshot_v1/video_id=L26_V031,6,262,50658586,0.047179484739899635
processed/keyframes/dataset=ai_challenge_2025/batch=L26/profile=autoshot_v1/video_id=L26_V087,6,262,50328069,0.04687166679650545
processed/keyframes/dataset=ai_challenge_2025/batch=L26/profile=autoshot_v1/video_id=L26_V089,6,262,48714491,0.04536890517920256
processed/keyframes/dataset=ai_challenge_2025/batch=L26/profile=autoshot_v1/video_id=L26_V121,6,262,50098907,0.04665824305266142
processed/keyframes/dataset=ai_challenge_2025/batch=L26/profile=autoshot_v1/video_id=L26_V126,6,262,51471735,0.04793678876012564
processed/keyframes/dataset=ai_challenge_2025/batch=L26/profile=autoshot_v1/video_id=L26_V154,6,262,48110747,0.04480662476271391
processed/keyframes/dataset=ai_challenge_2025/batch=L26/profile=autoshot_v1/video_id=L26_V163,6,262,48999020,0.045633893460035324
processed/keyframes/dataset=ai_challenge_2025/batch=L26/profile=autoshot_v1/video_id=L26_V042,6,259,50940325,0.047441874630749226
processed/keyframes/dataset=ai_challenge_2025/batch=L26/profile=autoshot_v1/video_id=L26_V054,6,259,47625356,0.04435456916689873
processed/keyframes/dataset=ai_challenge_2025/batch=L26/profile=autoshot_v1/video_id=L26_V058,6,259,42674282,0.03974352218210697
processed/keyframes/dataset=ai_challenge_2025/batch=L26/profile=autoshot_v1/video_id=L26_V067,6,259,43283038,0.04031047038733959
processed/keyframes/dataset=ai_challenge_2025/batch=L26/profile=autoshot_v1/video_id=L26_V071,6,259,47032345,0.04380228463560343
processed/keyframes/dataset=ai_challenge_2025/batch=L26/profile=autoshot_v1/video_id=L26_V107,6,259,49742406,0.046326225623488426
processed/keyframes/dataset=ai_challenge_2025/batch=L26/profile=autoshot_v1/video_id=L26_V117,6,259,46080016,0.042915359139442444
processed/keyframes/dataset=ai_challenge_2025/batch=L26/profile=autoshot_v1/video_id=L26_V131,6,259,49900178,0.04647316224873066
processed/keyframes/dataset=ai_challenge_2025/batch=L26/profile=autoshot_v1/video_id=L26_V149,6,259,44474357,0.04141997266560793
processed/keyframes/dataset=ai_challenge_2025/batch=L26/profile=autoshot_v1/video_id=L26_V221,6,259,47731863,0.0444537615403533
processed/keyframes/dataset=ai_challenge_2025/batch=L30/profile=autoshot_v1/video_id=L30_V012,6,259,60615283,0.056452381424605846
processed/keyframes/dataset=ai_challenge_2025/batch=L24/profile=autoshot_v1/video_id=L24_V043,6,256,77483382,0.07216202281415462
processed/keyframes/dataset=ai_challenge_2025/batch=L26/profile=autoshot_v1/video_id=L26_V020,6,256,52299395,0.048707607202231884
processed/keyframes/dataset=ai_challenge_2025/batch=L26/profile=autoshot_v1/video_id=L26_V129,6,256,46651544,0.04344763606786728
processed/keyframes/dataset=ai_challenge_2025/batch=L26/profile=autoshot_v1/video_id=L26_V158,6,256,46606843,0.04340600501745939
processed/keyframes/dataset=ai_challenge_2025/batch=L26/profile=autoshot_v1/video_id=L26_V160,6,256,48751052,0.04540295526385307
processed/keyframes/dataset=ai_challenge_2025/batch=L26/profile=autoshot_v1/video_id=L26_V166,6,256,46251016,0.04307461529970169
processed/keyframes/dataset=ai_challenge_2025/batch=L26/profile=autoshot_v1/video_id=L26_V287,6,256,47027865,0.04379811231046915
processed/keyframes/dataset=ai_challenge_2025/batch=L26/profile=autoshot_v1/video_id=L26_V025,6,253,49800910,0.04638071171939373
processed/keyframes/dataset=ai_challenge_2025/batch=L26/profile=autoshot_v1/video_id=L26_V043,6,253,48903296,0.04554474353790283
processed/keyframes/dataset=ai_challenge_2025/batch=L26/profile=autoshot_v1/video_id=L26_V047,6,253,46444978,0.04325525648891926
processed/keyframes/dataset=ai_challenge_2025/batch=L26/profile=autoshot_v1/video_id=L26_V048,6,253,44114853,0.041085158474743366
processed/keyframes/dataset=ai_challenge_2025/batch=L26/profile=autoshot_v1/video_id=L26_V094,6,253,46251394,0.043074967339634895
processed/keyframes/dataset=ai_challenge_2025/batch=L26/profile=autoshot_v1/video_id=L26_V099,6,253,49688650,0.0462761614471674
processed/keyframes/dataset=ai_challenge_2025/batch=L26/profile=autoshot_v1/video_id=L26_V165,6,253,46702455,0.04349505063146353
processed/keyframes/dataset=ai_challenge_2025/batch=L26/profile=autoshot_v1/video_id=L26_V182,6,253,40837949,0.038033303804695606
processed/keyframes/dataset=ai_challenge_2025/batch=L23/profile=autoshot_v1/video_id=L23_V025,6,250,68325683,0.06363325100392103
processed/keyframes/dataset=ai_challenge_2025/batch=L26/profile=autoshot_v1/video_id=L26_V005,6,250,47601594,0.044332439079880714
processed/keyframes/dataset=ai_challenge_2025/batch=L26/profile=autoshot_v1/video_id=L26_V038,6,250,46833563,0.043617154471576214
processed/keyframes/dataset=ai_challenge_2025/batch=L26/profile=autoshot_v1/video_id=L26_V059,6,250,45142631,0.042042351327836514
processed/keyframes/dataset=ai_challenge_2025/batch=L26/profile=autoshot_v1/video_id=L26_V063,6,250,44080490,0.041053155437111855
processed/keyframes/dataset=ai_challenge_2025/batch=L26/profile=autoshot_v1/video_id=L26_V081,6,250,43095641,0.040135943330824375
processed/keyframes/dataset=ai_challenge_2025/batch=L26/profile=autoshot_v1/video_id=L26_V100,6,250,46456107,0.043265621177852154
processed/keyframes/dataset=ai_challenge_2025/batch=L26/profile=autoshot_v1/video_id=L26_V009,6,247,47798039,0.04451539274305105
processed/keyframes/dataset=ai_challenge_2025/batch=L26/profile=autoshot_v1/video_id=L26_V018,6,247,43129913,0.0401678616181016
processed/keyframes/dataset=ai_challenge_2025/batch=L26/profile=autoshot_v1/video_id=L26_V022,6,247,47893235,0.04460405092686415
processed/keyframes/dataset=ai_challenge_2025/batch=L26/profile=autoshot_v1/video_id=L26_V029,6,247,45854064,0.04270492494106293
processed/keyframes/dataset=ai_challenge_2025/batch=L26/profile=autoshot_v1/video_id=L26_V162,6,247,45910584,0.042757563292980194
processed/keyframes/dataset=ai_challenge_2025/batch=L26/profile=autoshot_v1/video_id=L26_V196,6,247,42790782,0.039852021262049675
processed/keyframes/dataset=ai_challenge_2025/batch=L26/profile=autoshot_v1/video_id=L26_V017,6,244,47455538,0.044196413829922676
processed/keyframes/dataset=ai_challenge_2025/batch=L26/profile=autoshot_v1/video_id=L26_V028,6,244,46792630,0.04357903264462948
processed/keyframes/dataset=ai_challenge_2025/batch=L26/profile=autoshot_v1/video_id=L26_V064,6,244,42469096,0.03955242782831192
processed/keyframes/dataset=ai_challenge_2025/batch=L26/profile=autoshot_v1/video_id=L26_V106,6,244,45986743,0.042828491888940334
processed/keyframes/dataset=ai_challenge_2025/batch=L26/profile=autoshot_v1/video_id=L26_V363,6,244,42761115,0.03982439171522856
processed/keyframes/dataset=ai_challenge_2025/batch=L24/profile=autoshot_v1/video_id=L24_V011,6,241,73724896,0.0686616599559784
processed/keyframes/dataset=ai_challenge_2025/batch=L26/profile=autoshot_v1/video_id=L26_V019,6,241,46063809,0.04290026519447565
processed/keyframes/dataset=ai_challenge_2025/batch=L26/profile=autoshot_v1/video_id=L26_V030,6,241,44371935,0.04132458474487066
processed/keyframes/dataset=ai_challenge_2025/batch=L26/profile=autoshot_v1/video_id=L26_V057,6,241,44946028,0.04185925051569939
processed/keyframes/dataset=ai_challenge_2025/batch=L26/profile=autoshot_v1/video_id=L26_V130,6,241,43375624,0.04039669781923294
processed/keyframes/dataset=ai_challenge_2025/batch=L26/profile=autoshot_v1/video_id=L26_V164,6,241,43128205,0.040166270919144154
processed/keyframes/dataset=ai_challenge_2025/batch=L26/profile=autoshot_v1/video_id=L26_V003,6,238,43244288,0.04027438163757324
processed/keyframes/dataset=ai_challenge_2025/batch=L26/profile=autoshot_v1/video_id=L26_V007,6,238,47187406,0.04394669644534588
processed/keyframes/dataset=ai_challenge_2025/batch=L26/profile=autoshot_v1/video_id=L26_V051,6,238,45966540,0.04280967637896538
processed/keyframes/dataset=ai_challenge_2025/batch=L26/profile=autoshot_v1/video_id=L26_V098,6,238,41352432,0.0385124534368515
processed/keyframes/dataset=ai_challenge_2025/batch=L30/profile=autoshot_v1/video_id=L30_V037,6,238,39898449,0.037158326245844364
processed/keyframes/dataset=ai_challenge_2025/batch=L26/profile=autoshot_v1/video_id=L26_V004,6,235,43325628,0.040350135415792465
processed/keyframes/dataset=ai_challenge_2025/batch=L26/profile=autoshot_v1/video_id=L26_V053,6,235,40682983,0.037888980470597744
processed/keyframes/dataset=ai_challenge_2025/batch=L26/profile=autoshot_v1/video_id=L26_V090,6,235,38992548,0.03631464019417763
processed/keyframes/dataset=ai_challenge_2025/batch=L30/profile=autoshot_v1/video_id=L30_V056,6,235,54527182,0.05078239552676678
processed/keyframes/dataset=ai_challenge_2025/batch=L30/profile=autoshot_v1/video_id=L30_V095,6,235,38769416,0.03610683232545853
processed/keyframes/dataset=ai_challenge_2025/batch=L26/profile=autoshot_v1/video_id=L26_V001,6,232,45775563,0.04263181518763304
processed/keyframes/dataset=ai_challenge_2025/batch=L26/profile=autoshot_v1/video_id=L26_V023,6,232,44746767,0.04167367424815893
processed/keyframes/dataset=ai_challenge_2025/batch=L26/profile=autoshot_v1/video_id=L26_V060,6,232,44412246,0.04136212728917599
processed/keyframes/dataset=ai_challenge_2025/batch=L30/profile=autoshot_v1/video_id=L30_V033,6,232,61905408,0.05765390396118164
processed/keyframes/dataset=ai_challenge_2025/batch=L30/profile=autoshot_v1/video_id=L30_V064,6,232,53132881,0.04948385152965784
processed/keyframes/dataset=ai_challenge_2025/batch=L26/profile=autoshot_v1/video_id=L26_V006,6,229,50526658,0.047056617215275764
processed/keyframes/dataset=ai_challenge_2025/batch=L26/profile=autoshot_v1/video_id=L26_V086,6,229,42000675,0.03911617677658796
processed/keyframes/dataset=ai_challenge_2025/batch=L30/profile=autoshot_v1/video_id=L30_V029,6,229,43305782,0.040331652387976646
processed/keyframes/dataset=ai_challenge_2025/batch=L26/profile=autoshot_v1/video_id=L26_V002,6,226,42138005,0.03924407530575991
processed/keyframes/dataset=ai_challenge_2025/batch=L26/profile=autoshot_v1/video_id=L26_V026,6,220,42577217,0.03965312335640192
processed/keyframes/dataset=ai_challenge_2025/batch=L30/profile=autoshot_v1/video_id=L30_V045,6,220,42361065,0.039451816119253635
processed/keyframes/dataset=ai_challenge_2025/batch=L24/profile=autoshot_v1/video_id=L24_V018,6,217,53783603,0.050089883618056774
processed/keyframes/dataset=ai_challenge_2025/batch=L24/profile=autoshot_v1/video_id=L24_V032,6,217,53860894,0.05016186647117138
processed/keyframes/dataset=ai_challenge_2025/batch=L24/profile=autoshot_v1/video_id=L24_V042,6,217,62505761,0.05821302626281977
processed/keyframes/dataset=ai_challenge_2025/batch=L26/profile=autoshot_v1/video_id=L26_V011,6,217,42372727,0.0394626772031188
processed/keyframes/dataset=ai_challenge_2025/batch=L24/profile=autoshot_v1/video_id=L24_V028,6,214,47498921,0.04423681739717722
processed/keyframes/dataset=ai_challenge_2025/batch=L24/profile=autoshot_v1/video_id=L24_V031,6,214,49628371,0.04622002225369215
processed/keyframes/dataset=ai_challenge_2025/batch=L26/profile=autoshot_v1/video_id=L26_V010,6,214,40915373,0.038105410523712635
processed/keyframes/dataset=ai_challenge_2025/batch=L26/profile=autoshot_v1/video_id=L26_V150,6,214,37617034,0.03503359295427799
processed/keyframes/dataset=ai_challenge_2025/batch=L24/profile=autoshot_v1/video_id=L24_V015,6,211,52345610,0.04875064827501774
processed/keyframes/dataset=ai_challenge_2025/batch=L30/profile=autoshot_v1/video_id=L30_V062,6,205,39298633,0.036599704064428806
processed/keyframes/dataset=ai_challenge_2025/batch=L30/profile=autoshot_v1/video_id=L30_V028,6,199,52432905,0.0488319480791688
processed/keyframes/dataset=ai_challenge_2025/batch=L30/profile=autoshot_v1/video_id=L30_V030,6,199,32489849,0.03025852981954813
processed/keyframes/dataset=ai_challenge_2025/batch=L24/profile=autoshot_v1/video_id=L24_V005,6,196,61072319,0.056878029368817806
processed/keyframes/dataset=ai_challenge_2025/batch=L24/profile=autoshot_v1/video_id=L24_V026,6,196,56558080,0.0526738166809082
processed/keyframes/dataset=ai_challenge_2025/batch=L24/profile=autoshot_v1/video_id=L24_V030,6,196,45381380,0.042264703661203384
processed/keyframes/dataset=ai_challenge_2025/batch=L24/profile=autoshot_v1/video_id=L24_V035,6,193,43729968,0.04072670638561249
processed/keyframes/dataset=ai_challenge_2025/batch=L30/profile=autoshot_v1/video_id=L30_V003,6,193,38806367,0.03614124562591314
processed/keyframes/dataset=ai_challenge_2025/batch=L30/profile=autoshot_v1/video_id=L30_V008,6,193,38853424,0.036185070872306824
processed/keyframes/dataset=ai_challenge_2025/batch=L30/profile=autoshot_v1/video_id=L30_V009,6,193,27274300,0.025401171296834946
processed/keyframes/dataset=ai_challenge_2025/batch=L30/profile=autoshot_v1/video_id=L30_V015,6,193,51854038,0.04829283617436886
processed/keyframes/dataset=ai_challenge_2025/batch=L30/profile=autoshot_v1/video_id=L30_V017,6,193,38704366,0.03604624979197979
processed/keyframes/dataset=ai_challenge_2025/batch=L30/profile=autoshot_v1/video_id=L30_V048,6,193,54347938,0.0506154615432024
processed/keyframes/dataset=ai_challenge_2025/batch=L30/profile=autoshot_v1/video_id=L30_V090,6,193,37241319,0.03468368109315634
processed/keyframes/dataset=ai_challenge_2025/batch=L30/profile=autoshot_v1/video_id=L30_V007,6,190,37358840,0.03479313105344772
processed/keyframes/dataset=ai_challenge_2025/batch=L24/profile=autoshot_v1/video_id=L24_V033,6,187,42973524,0.04002221301198006
processed/keyframes/dataset=ai_challenge_2025/batch=L30/profile=autoshot_v1/video_id=L30_V046,6,187,49945564,0.04651543125510216
processed/keyframes/dataset=ai_challenge_2025/batch=L30/profile=autoshot_v1/video_id=L30_V089,6,187,42564921,0.03964167181402445
processed/keyframes/dataset=ai_challenge_2025/batch=L30/profile=autoshot_v1/video_id=L30_V091,6,187,36374149,0.03387606609612703
processed/keyframes/dataset=ai_challenge_2025/batch=L24/profile=autoshot_v1/video_id=L24_V029,6,184,42104143,0.03921253886073828
processed/keyframes/dataset=ai_challenge_2025/batch=L24/profile=autoshot_v1/video_id=L24_V037,6,184,44879816,0.04179758578538895
processed/keyframes/dataset=ai_challenge_2025/batch=L30/profile=autoshot_v1/video_id=L30_V025,6,184,47739305,0.04446069244295359
processed/keyframes/dataset=ai_challenge_2025/batch=L30/profile=autoshot_v1/video_id=L30_V074,6,184,35688432,0.03323744237422943
processed/keyframes/dataset=ai_challenge_2025/batch=L24/profile=autoshot_v1/video_id=L24_V023,6,178,49696771,0.04628372471779585
processed/keyframes/dataset=ai_challenge_2025/batch=L30/profile=autoshot_v1/video_id=L30_V060,6,178,48276625,0.044961110688745975
processed/keyframes/dataset=ai_challenge_2025/batch=L30/profile=autoshot_v1/video_id=L30_V075,6,178,34011583,0.03167575504630804
processed/keyframes/dataset=ai_challenge_2025/batch=L30/profile=autoshot_v1/video_id=L30_V083,6,178,35062009,0.03265404049307108
processed/keyframes/dataset=ai_challenge_2025/batch=L30/profile=autoshot_v1/video_id=L30_V088,6,178,26975569,0.02512295637279749
raw/source=kaggle/dataset=ai_challenge_2025/source_version=kaggle_current/batch=L25/ai-challenge-2025,6,176,25698597832,23.933684296905994
processed/keyframes/dataset=ai_challenge_2025/batch=L23/profile=autoshot_v1/video_id=L23_V021,6,175,42058984,0.03917048126459122
processed/keyframes/dataset=ai_challenge_2025/batch=L24/profile=autoshot_v1/video_id=L24_V022,6,175,52339220,0.048744697123765945
processed/keyframes/dataset=ai_challenge_2025/batch=L30/profile=autoshot_v1/video_id=L30_V024,6,175,23496736,0.0218830406665802
processed/keyframes/dataset=ai_challenge_2025/batch=L30/profile=autoshot_v1/video_id=L30_V054,6,175,24179595,0.02251900266855955
processed/keyframes/dataset=ai_challenge_2025/batch=L24/profile=autoshot_v1/video_id=L24_V009,6,172,51344576,0.04781836271286011
processed/keyframes/dataset=ai_challenge_2025/batch=L30/profile=autoshot_v1/video_id=L30_V043,6,172,35988098,0.03351652808487415
processed/keyframes/dataset=ai_challenge_2025/batch=L30/profile=autoshot_v1/video_id=L30_V047,6,172,36390512,0.033891305327415466
processed/keyframes/dataset=ai_challenge_2025/batch=L30/profile=autoshot_v1/video_id=L30_V092,6,169,38247625,0.03562087658792734
processed/keyframes/dataset=ai_challenge_2025/batch=L24/profile=autoshot_v1/video_id=L24_V024,6,166,49598929,0.04619260225445032
processed/keyframes/dataset=ai_challenge_2025/batch=L30/profile=autoshot_v1/video_id=L30_V001,6,166,35868201,0.03340486530214548
processed/keyframes/dataset=ai_challenge_2025/batch=L24/profile=autoshot_v1/video_id=L24_V008,6,160,48166691,0.0448587266728282
processed/keyframes/dataset=ai_challenge_2025/batch=L24/profile=autoshot_v1/video_id=L24_V014,6,160,43448382,0.040464458987116814
processed/keyframes/dataset=ai_challenge_2025/batch=L24/profile=autoshot_v1/video_id=L24_V025,6,160,45708926,0.042569754645228386
processed/keyframes/dataset=ai_challenge_2025/batch=L24/profile=autoshot_v1/video_id=L24_V013,6,157,44207190,0.041171154007315636
processed/keyframes/dataset=ai_challenge_2025/batch=L24/profile=autoshot_v1/video_id=L24_V027,6,157,34622605,0.03224481362849474
processed/keyframes/dataset=ai_challenge_2025/batch=L30/profile=autoshot_v1/video_id=L30_V002,6,154,27667640,0.025767497718334198
processed/keyframes/dataset=ai_challenge_2025/batch=L30/profile=autoshot_v1/video_id=L30_V023,6,154,36813314,0.03428507037460804
processed/keyframes/dataset=ai_challenge_2025/batch=L30/profile=autoshot_v1/video_id=L30_V055,6,154,30862023,0.028742498718202114
processed/keyframes/dataset=ai_challenge_2025/batch=L30/profile=autoshot_v1/video_id=L30_V094,6,154,30320054,0.028237750753760338
processed/keyframes/dataset=ai_challenge_2025/batch=L24/profile=autoshot_v1/video_id=L24_V007,6,151,45096409,0.04199930373579264
processed/keyframes/dataset=ai_challenge_2025/batch=L24/profile=autoshot_v1/video_id=L24_V021,6,151,45191058,0.04208745248615742
processed/keyframes/dataset=ai_challenge_2025/batch=L30/profile=autoshot_v1/video_id=L30_V078,6,151,29564693,0.027534266002476215
processed/keyframes/dataset=ai_challenge_2025/batch=L24/profile=autoshot_v1/video_id=L24_V019,6,148,42044509,0.03915700037032366
processed/keyframes/dataset=ai_challenge_2025/batch=L24/profile=autoshot_v1/video_id=L24_V020,6,148,43726216,0.04072321206331253
processed/keyframes/dataset=ai_challenge_2025/batch=L24/profile=autoshot_v1/video_id=L24_V038,6,148,35718051,0.03326502721756697
processed/keyframes/dataset=ai_challenge_2025/batch=L30/profile=autoshot_v1/video_id=L30_V010,6,145,27370214,0.025490498170256615
processed/keyframes/dataset=ai_challenge_2025/batch=L30/profile=autoshot_v1/video_id=L30_V053,6,145,29266269,0.027256336994469166
processed/keyframes/dataset=ai_challenge_2025/batch=L24/profile=autoshot_v1/video_id=L24_V006,6,142,41170718,0.038343219086527824
processed/keyframes/dataset=ai_challenge_2025/batch=L24/profile=autoshot_v1/video_id=L24_V016,6,139,32941085,0.03067877609282732
processed/keyframes/dataset=ai_challenge_2025/batch=L24/profile=autoshot_v1/video_id=L24_V039,6,139,31926495,0.029733865521848202
processed/keyframes/dataset=ai_challenge_2025/batch=L30/profile=autoshot_v1/video_id=L30_V026,6,139,29352166,0.02733633480966091
processed/keyframes/dataset=ai_challenge_2025/batch=L30/profile=autoshot_v1/video_id=L30_V032,6,139,21845989,0.020345662720501423
processed/keyframes/dataset=ai_challenge_2025/batch=L30/profile=autoshot_v1/video_id=L30_V063,6,139,29593856,0.027561426162719727
processed/keyframes/dataset=ai_challenge_2025/batch=L30/profile=autoshot_v1/video_id=L30_V096,6,139,22439520,0.020898431539535522
processed/keyframes/dataset=ai_challenge_2025/batch=L23/profile=autoshot_v1/video_id=L23_V007,6,136,24310526,0.02264094166457653
processed/keyframes/dataset=ai_challenge_2025/batch=L24/profile=autoshot_v1/video_id=L24_V010,6,136,40553050,0.03776797093451023
processed/keyframes/dataset=ai_challenge_2025/batch=L30/profile=autoshot_v1/video_id=L30_V038,6,136,24762818,0.023062171414494514
processed/keyframes/dataset=ai_challenge_2025/batch=L30/profile=autoshot_v1/video_id=L30_V084,6,136,32987425,0.030721933580935
processed/keyframes/dataset=ai_challenge_2025/batch=L30/profile=autoshot_v1/video_id=L30_V061,6,133,20677986,0.01925787515938282
processed/keyframes/dataset=ai_challenge_2025/batch=L30/profile=autoshot_v1/video_id=L30_V034,6,130,27812821,0.025902708061039448
processed/keyframes/dataset=ai_challenge_2025/batch=L30/profile=autoshot_v1/video_id=L30_V039,6,130,19804170,0.01844407059252262
processed/keyframes/dataset=ai_challenge_2025/batch=L30/profile=autoshot_v1/video_id=L30_V044,6,127,24531689,0.022846915759146214
processed/keyframes/dataset=ai_challenge_2025/batch=L30/profile=autoshot_v1/video_id=L30_V081,6,127,22047691,0.020533512346446514
processed/keyframes/dataset=ai_challenge_2025/batch=L30/profile=autoshot_v1/video_id=L30_V073,6,124,28481110,0.02652510069310665
processed/keyframes/dataset=ai_challenge_2025/batch=L23/profile=autoshot_v1/video_id=L23_V002,6,121,24365695,0.022692321799695492
processed/keyframes/dataset=ai_challenge_2025/batch=L30/profile=autoshot_v1/video_id=L30_V066,6,121,26656088,0.02482541650533676
processed/keyframes/dataset=ai_challenge_2025/batch=L30/profile=autoshot_v1/video_id=L30_V069,6,121,32557205,0.03032125998288393
processed/keyframes/dataset=ai_challenge_2025/batch=L30/profile=autoshot_v1/video_id=L30_V093,6,121,30712736,0.028603464365005493
processed/keyframes/dataset=ai_challenge_2025/batch=L23/profile=autoshot_v1/video_id=L23_V003,6,118,26456299,0.02463934849947691
processed/keyframes/dataset=ai_challenge_2025/batch=L23/profile=autoshot_v1/video_id=L23_V019,6,118,28637138,0.026670413091778755
processed/keyframes/dataset=ai_challenge_2025/batch=L23/profile=autoshot_v1/video_id=L23_V020,6,118,26685903,0.024853183887898922
processed/keyframes/dataset=ai_challenge_2025/batch=L24/profile=autoshot_v1/video_id=L24_V017,6,118,23881312,0.022241204977035522
processed/keyframes/dataset=ai_challenge_2025/batch=L30/profile=autoshot_v1/video_id=L30_V027,6,118,26475268,0.02465701475739479
processed/keyframes/dataset=ai_challenge_2025/batch=L30/profile=autoshot_v1/video_id=L30_V068,6,118,27134533,0.025271003134548664
processed/keyframes/dataset=ai_challenge_2025/batch=L30/profile=autoshot_v1/video_id=L30_V006,6,115,24118263,0.022461882792413235
processed/keyframes/dataset=ai_challenge_2025/batch=L30/profile=autoshot_v1/video_id=L30_V018,6,115,18091513,0.0168490344658494
processed/keyframes/dataset=ai_challenge_2025/batch=L23/profile=autoshot_v1/video_id=L23_V004,6,112,25983439,0.024198963306844234
processed/keyframes/dataset=ai_challenge_2025/batch=L30/profile=autoshot_v1/video_id=L30_V019,6,112,25134315,0.02340815495699644
processed/keyframes/dataset=ai_challenge_2025/batch=L30/profile=autoshot_v1/video_id=L30_V031,6,112,30179693,0.028107029385864735
processed/keyframes/dataset=ai_challenge_2025/batch=L30/profile=autoshot_v1/video_id=L30_V076,6,112,25942307,0.02416065614670515
processed/keyframes/dataset=ai_challenge_2025/batch=L30/profile=autoshot_v1/video_id=L30_V080,6,112,24449906,0.022770749405026436
processed/keyframes/dataset=ai_challenge_2025/batch=L30/profile=autoshot_v1/video_id=L30_V086,6,112,19561057,0.01821765396744013
processed/keyframes/dataset=ai_challenge_2025/batch=L30/profile=autoshot_v1/video_id=L30_V049,6,109,24050618,0.02239888347685337
processed/keyframes/dataset=ai_challenge_2025/batch=L30/profile=autoshot_v1/video_id=L30_V077,6,109,25275800,0.023539923131465912
processed/keyframes/dataset=ai_challenge_2025/batch=L23/profile=autoshot_v1/video_id=L23_V011,6,106,29116250,0.027116620913147926
processed/keyframes/dataset=ai_challenge_2025/batch=L30/profile=autoshot_v1/video_id=L30_V065,6,106,21088460,0.019640158861875534
processed/keyframes/dataset=ai_challenge_2025/batch=L30/profile=autoshot_v1/video_id=L30_V050,6,103,17309394,0.016120629385113716
processed/keyframes/dataset=ai_challenge_2025/batch=L30/profile=autoshot_v1/video_id=L30_V079,6,103,30399121,0.02831138763576746
processed/keyframes/dataset=ai_challenge_2025/batch=L23/profile=autoshot_v1/video_id=L23_V006,6,100,23290891,0.021691332571208477
processed/keyframes/dataset=ai_challenge_2025/batch=L23/profile=autoshot_v1/video_id=L23_V010,6,100,21741869,0.02024869341403246
processed/keyframes/dataset=ai_challenge_2025/batch=L23/profile=autoshot_v1/video_id=L23_V023,6,97,24110773,0.022454907186329365
processed/keyframes/dataset=ai_challenge_2025/batch=L30/profile=autoshot_v1/video_id=L30_V014,6,97,18461872,0.017193958163261414
processed/keyframes/dataset=ai_challenge_2025/batch=L30/profile=autoshot_v1/video_id=L30_V051,6,97,18150710,0.016904165968298912
processed/keyframes/dataset=ai_challenge_2025/batch=L30/profile=autoshot_v1/video_id=L30_V085,6,97,19722754,0.018368246033787727
raw/source=kaggle/dataset=ai_challenge_2025/source_version=kaggle_current/batch=L30/ai-challenge-2025,6,96,4137446126,3.8532969783991575
processed/keyframes/dataset=ai_challenge_2025/batch=L23/profile=autoshot_v1/video_id=L23_V018,6,94,22376399,0.02083964552730322
processed/keyframes/dataset=ai_challenge_2025/batch=L30/profile=autoshot_v1/video_id=L30_V059,6,94,18187482,0.016938412562012672
processed/keyframes/dataset=ai_challenge_2025/batch=L30/profile=autoshot_v1/video_id=L30_V067,6,94,14555884,0.01355622336268425
processed/keyframes/dataset=ai_challenge_2025/batch=L23/profile=autoshot_v1/video_id=L23_V022,6,91,21881202,0.020378457382321358
processed/keyframes/dataset=ai_challenge_2025/batch=L23/profile=autoshot_v1/video_id=L23_V024,6,91,24686336,0.022990942001342773
processed/keyframes/dataset=ai_challenge_2025/batch=L30/profile=autoshot_v1/video_id=L30_V070,6,91,13115647,0.012214898131787777
processed/keyframes/dataset=ai_challenge_2025/batch=L24/profile=autoshot_v1/video_id=L24_V036,6,88,20646386,0.01922844536602497
processed/keyframes/dataset=ai_challenge_2025/batch=L30/profile=autoshot_v1/video_id=L30_V082,6,88,18019092,0.016781587153673172
processed/keyframes/dataset=ai_challenge_2025/batch=L23/profile=autoshot_v1/video_id=L23_V012,6,85,17302167,0.01611389871686697
processed/keyframes/dataset=ai_challenge_2025/batch=L23/profile=autoshot_v1/video_id=L23_V014,6,85,23873074,0.02223353274166584
processed/keyframes/dataset=ai_challenge_2025/batch=L23/profile=autoshot_v1/video_id=L23_V017,6,85,19603578,0.018257254734635353
processed/keyframes/dataset=ai_challenge_2025/batch=L30/profile=autoshot_v1/video_id=L30_V042,6,85,15113111,0.014075181446969509
processed/keyframes/dataset=ai_challenge_2025/batch=L30/profile=autoshot_v1/video_id=L30_V072,6,79,22469989,0.02092680800706148
processed/keyframes/dataset=ai_challenge_2025/batch=L23/profile=autoshot_v1/video_id=L23_V005,6,76,17476836,0.01627657189965248
processed/keyframes/dataset=ai_challenge_2025/batch=L23/profile=autoshot_v1/video_id=L23_V016,6,76,18657274,0.017375940456986427
processed/keyframes/dataset=ai_challenge_2025/batch=L30/profile=autoshot_v1/video_id=L30_V016,6,76,16249621,0.015133638866245747
processed/keyframes/dataset=ai_challenge_2025/batch=L30/profile=autoshot_v1/video_id=L30_V020,6,76,12826745,0.011945837177336216
processed/keyframes/dataset=ai_challenge_2025/batch=L23/profile=autoshot_v1/video_id=L23_V013,6,73,16657578,0.015513578429818153
processed/keyframes/dataset=ai_challenge_2025/batch=L30/profile=autoshot_v1/video_id=L30_V036,6,73,18062682,0.01682218350470066
processed/keyframes/dataset=ai_challenge_2025/batch=L23/profile=autoshot_v1/video_id=L23_V009,6,70,15580655,0.014510615728795528
processed/keyframes/dataset=ai_challenge_2025/batch=L30/profile=autoshot_v1/video_id=L30_V011,6,70,16728680,0.015579797327518463
processed/keyframes/dataset=ai_challenge_2025/batch=L30/profile=autoshot_v1/video_id=L30_V013,6,70,14562974,0.013562826439738274
processed/keyframes/dataset=ai_challenge_2025/batch=L30/profile=autoshot_v1/video_id=L30_V035,6,70,19646075,0.018296833150088787
processed/keyframes/dataset=ai_challenge_2025/batch=L30/profile=autoshot_v1/video_id=L30_V087,6,70,17842715,0.016617323271930218
processed/keyframes/dataset=ai_challenge_2025/batch=L30/profile=autoshot_v1/video_id=L30_V057,6,67,7565797,0.0070461975410580635
processed/keyframes/dataset=ai_challenge_2025/batch=L30/profile=autoshot_v1/video_id=L30_V071,6,67,16681780,0.015536118298768997
processed/keyframes/dataset=ai_challenge_2025/batch=L30/profile=autoshot_v1/video_id=L30_V022,6,64,12496041,0.011637845076620579
processed/keyframes/dataset=ai_challenge_2025/batch=L30/profile=autoshot_v1/video_id=L30_V040,6,64,8712093,0.008113768883049488
processed/keyframes/dataset=ai_challenge_2025/batch=L30/profile=autoshot_v1/video_id=L30_V058,6,61,14535645,0.013537374325096607
processed/keyframes/dataset=ai_challenge_2025/batch=L23/profile=autoshot_v1/video_id=L23_V015,6,58,12099126,0.011268189176917076
processed/keyframes/dataset=ai_challenge_2025/batch=L23/profile=autoshot_v1/video_id=L23_V008,6,55,12716121,0.011842810548841953
processed/keyframes/dataset=ai_challenge_2025/batch=L23/profile=autoshot_v1/video_id=L23_V001,6,49,11303667,0.010527360253036022
processed/keyframes/dataset=ai_challenge_2025/batch=L24/profile=autoshot_v1/video_id=L24_V012,6,49,13083742,0.01218518428504467
processed/keyframes/dataset=ai_challenge_2025/batch=L24/profile=autoshot_v1/video_id=L24_V041,6,49,7969644,0.007422309368848801
processed/keyframes/dataset=ai_challenge_2025/batch=L30/profile=autoshot_v1/video_id=L30_V004,6,49,7181722,0.006688499823212624
processed/keyframes/dataset=ai_challenge_2025/batch=L30/profile=autoshot_v1/video_id=L30_V005,6,49,10778141,0.010037926025688648
processed/keyframes/dataset=ai_challenge_2025/batch=L30/profile=autoshot_v1/video_id=L30_V021,6,49,6098399,0.0056795766577124596
processed/keyframes/dataset=ai_challenge_2025/batch=L24/profile=autoshot_v1/video_id=L24_V044,6,46,8277885,0.00770938117057085
processed/keyframes/dataset=ai_challenge_2025/batch=L24/profile=autoshot_v1/video_id=L24_V045,6,43,6459637,0.006016005761921406
processed/keyframes/dataset=ai_challenge_2025/batch=L30/profile=autoshot_v1/video_id=L30_V041,6,43,6592094,0.006139365956187248
raw/source=kaggle/dataset=ai_challenge_2025/source_version=kaggle_current/batch=L24/ai-challenge-2025,6,43,5796197572,5.398129645735025
processed/keyframes/dataset=ai_challenge_2025/batch=L24/profile=autoshot_v1/video_id=L24_V040,6,37,5254391,0.004893532954156399
features/extractors/dataset=ai_challenge_2025/batch=L21/frame_profile=autoshot_v1/extractor=object_detection,6,34,6223259,0.005795861594378948
raw/source=kaggle/dataset=ai_challenge_2025/source_version=kaggle_current/batch=L22/ai-challenge-2025,6,31,4154529806,3.8692073952406645
raw/source=kaggle/dataset=ai_challenge_2025/source_version=kaggle_current/batch=L21/ai-challenge-2025,6,29,3378944552,3.1468873396515846
raw/source=kaggle/dataset=ai_challenge_2025/source_version=kaggle_current/batch=L23/ai-challenge-2025,6,25,2043038704,1.9027280658483505
raw/source=kaggle/dataset=ai_challenge_2025/source_version=kaggle_current/batch=L28/ai-challenge-2025,6,24,7274481383,6.774888730607927
raw/source=kaggle/dataset=ai_challenge_2025/source_version=kaggle_current/batch=L29/ai-challenge-2025,6,23,6767155175,6.302404380403459
features/extractors/dataset=ai_challenge_2025/batch=L21/frame_profile=autoshot_v1/extractor=captioning,6,16,7450623,0.0069389333948493
raw/source=kaggle/dataset=ai_challenge_2025/source_version=kaggle_current/batch=L27/ai-challenge-2025,6,16,2539789191,2.3653630083426833
features/extractors/dataset=ai_challenge_2025/batch=L21/frame_profile=autoshot_v1/extractor=ocr,6,13,3780745,0.0035210931673645973
processed/keyframes_manifests/dataset=ai_challenge_2025/batch=L21/profile=autoshot_v1/run_id=full_autoshot_l21_20260709_193632,6,13,35289676,0.03286607190966606
features/extractors/dataset=ai_challenge_2025/batch=L22/frame_profile=autoshot_v1/extractor=object_detection,6,10,105765647,0.09850193466991186
features/extractors/dataset=ai_challenge_2025/batch=L23/frame_profile=autoshot_v1/extractor=object_detection,6,10,12865696,0.011982113122940063
features/extractors/dataset=ai_challenge_2025/batch=L24/frame_profile=autoshot_v1/extractor=object_detection,6,10,23576528,0.02195735275745392
features/extractors/dataset=ai_challenge_2025/batch=L26/frame_profile=autoshot_v1/extractor=object_detection,6,10,232336721,0.21638043317943811
features/extractors/dataset=ai_challenge_2025/batch=L27/frame_profile=autoshot_v1/extractor=object_detection,6,10,25384018,0.02364070899784565
features/extractors/dataset=ai_challenge_2025/batch=L28/frame_profile=autoshot_v1/extractor=object_detection,6,10,44166436,0.041133198887109756
features/extractors/dataset=ai_challenge_2025/batch=L29/frame_profile=autoshot_v1/extractor=object_detection,6,10,42050264,0.03916236013174057
features/extractors/dataset=ai_challenge_2025/batch=L30/frame_profile=autoshot_v1/extractor=object_detection,6,10,43367341,0.0403889836743474
processed/keyframes_manifests/dataset=ai_challenge_2025/batch=L21/profile=autoshot_v1/run_id=demo_20260713T091628Z_0b8aad0f,6,7,1274578,0.0011870432645082474
processed/keyframes_manifests/dataset=ai_challenge_2025/batch=L21/profile=autoshot_v1/run_id=demo_20260713T103630Z_4360bc8c,6,7,1275098,0.0011875275522470474
processed/keyframes_manifests/dataset=ai_challenge_2025/batch=L22/profile=autoshot_v1/run_id=full_l22_20260713T132415Z_2f1e32b8,6,7,20869998,0.019436700269579887
processed/keyframes_manifests/dataset=ai_challenge_2025/batch=L23/profile=autoshot_v1/run_id=demo_20260713T111704Z_e707d25e,6,7,743102,0.0006920676678419113
processed/keyframes_manifests/dataset=ai_challenge_2025/batch=L23/profile=autoshot_v1/run_id=full_l23_20260713T145915Z_58c5300c,6,7,1679596,0.0015642456710338593
processed/keyframes_manifests/dataset=ai_challenge_2025/batch=L24/profile=autoshot_v1/run_id=demo_20260713T121139Z_041145d1,6,7,4803956,0.004474032670259476
processed/keyframes_manifests/dataset=ai_challenge_2025/batch=L24/profile=autoshot_v1/run_id=full_l24_20260713T152115Z_14797aa4,6,7,4832969,0.004501053132116795
processed/keyframes_manifests/dataset=ai_challenge_2025/batch=L25/profile=autoshot_v1/run_id=full_l25_20260719T125510Z_729f13c1,6,7,48658858,0.045317092910408974
processed/keyframes_manifests/dataset=ai_challenge_2025/batch=L26/profile=autoshot_v1/run_id=full_l26_20260719T195028Z_149024ca,6,7,100685801,0.09377095941454172
processed/keyframes_manifests/dataset=ai_challenge_2025/batch=L27/profile=autoshot_v1/run_id=full_l27_20260715T014659Z_0e797b31,6,7,5847063,0.005445501767098904
processed/keyframes_manifests/dataset=ai_challenge_2025/batch=L28/profile=autoshot_v1/run_id=full_l28_20260715T021710Z_43151145,6,7,10478747,0.009759093634784222
processed/keyframes_manifests/dataset=ai_challenge_2025/batch=L29/profile=autoshot_v1/run_id=full_l29_20260715T033345Z_30e17caf,6,7,9865552,0.009188011288642883
processed/keyframes_manifests/dataset=ai_challenge_2025/batch=L30/profile=autoshot_v1/run_id=full_l30_20260715T044607Z_3fc2a24c,6,7,8750630,0.008149659261107445
features/import_bundles/dataset=ai_challenge_2025/batch=L21/frame_profile=autoshot_v1/run_id=coverage_patch_l21_20260813T152454Z,6,6,13011,1.2117438018321991e-05
processed/keyframes_manifests/dataset=ai_challenge_2025/batch=L21/profile=autoshot_v1/run_id=demo_20260713T090636Z_32192d48,6,6,9377,8.733011782169342e-06
processed/keyframes_manifests/dataset=ai_challenge_2025/batch=L26/profile=autoshot_v1/run_id=full_l26_20260714T190640Z_d1a3bc48,6,6,98055257,0.09132107440382242
features/extractors/dataset=ai_challenge_2025/batch=L22/frame_profile=autoshot_v1/extractor=ocr,6,5,66328326,0.061773067340254784
features/extractors/dataset=ai_challenge_2025/batch=L23/frame_profile=autoshot_v1/extractor=ocr,6,5,4163866,0.003877902403473854
features/extractors/dataset=ai_challenge_2025/batch=L24/frame_profile=autoshot_v1/extractor=ocr,6,5,10015192,0.009327374398708344
features/extractors/dataset=ai_challenge_2025/batch=L25/frame_profile=autoshot_v1/extractor=object_detection,6,5,110841674,0.10322935320436954
processed/keyframes_manifests/dataset=ai_challenge_2025/batch=L22/profile=autoshot_v1/run_id=full_autoshot_l22_20260709_193632,6,5,54944,5.117058753967285e-05
processed/keyframes_manifests/dataset=ai_challenge_2025/batch=L21/profile=autoshot_v1/run_id=smoke_autoshot_l21_001,6,3,703704,0.0006553754210472107
features/patches/dataset=ai_challenge_2025/batch=L21/frame_profile=autoshot_v1/run_id=coverage_patch_l21_20260813T152454Z,6,2,64103499,0.05970103573054075
raw/source=kaggle/dataset=ai_challenge_2025/source_version=kaggle_current/batch=L26/ai-challenge-2025/Videos,7,498,34043159249,31.70516271982342
raw/source=kaggle/dataset=ai_challenge_2025/source_version=kaggle_current/batch=L25/ai-challenge-2025/Videos,7,176,25698597832,23.933684296905994
raw/source=kaggle/dataset=ai_challenge_2025/source_version=kaggle_current/batch=L30/ai-challenge-2025/Videos,7,96,4137446126,3.8532969783991575
raw/source=kaggle/dataset=ai_challenge_2025/source_version=kaggle_current/batch=L24/ai-challenge-2025/Videos,7,43,5796197572,5.398129645735025
features/extractors/dataset=ai_challenge_2025/batch=L21/frame_profile=autoshot_v1/extractor=object_detection/extractor_version=fe-object-detection-v1,7,34,6223259,0.005795861594378948
raw/source=kaggle/dataset=ai_challenge_2025/source_version=kaggle_current/batch=L22/ai-challenge-2025/Videos,7,31,4154529806,3.8692073952406645
raw/source=kaggle/dataset=ai_challenge_2025/source_version=kaggle_current/batch=L21/ai-challenge-2025/Videos,7,29,3378944552,3.1468873396515846
raw/source=kaggle/dataset=ai_challenge_2025/source_version=kaggle_current/batch=L23/ai-challenge-2025/Videos,7,25,2043038704,1.9027280658483505
raw/source=kaggle/dataset=ai_challenge_2025/source_version=kaggle_current/batch=L28/ai-challenge-2025/Videos,7,24,7274481383,6.774888730607927
raw/source=kaggle/dataset=ai_challenge_2025/source_version=kaggle_current/batch=L29/ai-challenge-2025/Videos,7,23,6767155175,6.302404380403459
features/extractors/dataset=ai_challenge_2025/batch=L21/frame_profile=autoshot_v1/extractor=captioning/extractor_version=fe-captioning-v2.2,7,16,7450623,0.0069389333948493
raw/source=kaggle/dataset=ai_challenge_2025/source_version=kaggle_current/batch=L27/ai-challenge-2025/Videos,7,16,2539789191,2.3653630083426833
features/extractors/dataset=ai_challenge_2025/batch=L21/frame_profile=autoshot_v1/extractor=ocr/extractor_version=fe-ocr-v1,7,13,3780745,0.0035210931673645973
features/extractors/dataset=ai_challenge_2025/batch=L22/frame_profile=autoshot_v1/extractor=object_detection/extractor_version=fe-object-detection-v1,7,10,105765647,0.09850193466991186
features/extractors/dataset=ai_challenge_2025/batch=L23/frame_profile=autoshot_v1/extractor=object_detection/extractor_version=fe-object-detection-v1,7,10,12865696,0.011982113122940063
features/extractors/dataset=ai_challenge_2025/batch=L24/frame_profile=autoshot_v1/extractor=object_detection/extractor_version=fe-object-detection-v1,7,10,23576528,0.02195735275745392
features/extractors/dataset=ai_challenge_2025/batch=L26/frame_profile=autoshot_v1/extractor=object_detection/extractor_version=fe-object-detection-v1,7,10,232336721,0.21638043317943811
features/extractors/dataset=ai_challenge_2025/batch=L27/frame_profile=autoshot_v1/extractor=object_detection/extractor_version=fe-object-detection-v1,7,10,25384018,0.02364070899784565
features/extractors/dataset=ai_challenge_2025/batch=L28/frame_profile=autoshot_v1/extractor=object_detection/extractor_version=fe-object-detection-v1,7,10,44166436,0.041133198887109756
features/extractors/dataset=ai_challenge_2025/batch=L29/frame_profile=autoshot_v1/extractor=object_detection/extractor_version=fe-object-detection-v1,7,10,42050264,0.03916236013174057
features/extractors/dataset=ai_challenge_2025/batch=L30/frame_profile=autoshot_v1/extractor=object_detection/extractor_version=fe-object-detection-v1,7,10,43367341,0.0403889836743474
processed/keyframes_manifests/dataset=ai_challenge_2025/batch=L21/profile=autoshot_v1/run_id=full_autoshot_l21_20260709_193632/results,7,6,17618504,0.016408510506153107
features/extractors/dataset=ai_challenge_2025/batch=L22/frame_profile=autoshot_v1/extractor=ocr/extractor_version=fe-ocr-v1,7,5,66328326,0.061773067340254784
features/extractors/dataset=ai_challenge_2025/batch=L23/frame_profile=autoshot_v1/extractor=ocr/extractor_version=fe-ocr-v1,7,5,4163866,0.003877902403473854
features/extractors/dataset=ai_challenge_2025/batch=L24/frame_profile=autoshot_v1/extractor=ocr/extractor_version=fe-ocr-v1,7,5,10015192,0.009327374398708344
features/extractors/dataset=ai_challenge_2025/batch=L25/frame_profile=autoshot_v1/extractor=object_detection/extractor_version=fe-object-detection-v1,7,5,110841674,0.10322935320436954
features/import_bundles/dataset=ai_challenge_2025/batch=L21/frame_profile=autoshot_v1/run_id=coverage_patch_l21_20260813T152454Z/metadata_backups,7,5,7444,6.932765245437622e-06
processed/keyframes_manifests/dataset=ai_challenge_2025/batch=L21/profile=autoshot_v1/run_id=smoke_autoshot_l21_001/results,7,3,703704,0.0006553754210472107
processed/keyframes_manifests/dataset=ai_challenge_2025/batch=L21/profile=autoshot_v1/run_id=full_autoshot_l21_20260709_193632/shards,7,2,25219,2.3487024009227753e-05
processed/keyframes_manifests/dataset=ai_challenge_2025/batch=L22/profile=autoshot_v1/run_id=full_autoshot_l22_20260709_193632/shards,7,2,26968,2.5115907192230225e-05
raw/source=kaggle/dataset=ai_challenge_2025/source_version=kaggle_current/batch=L26/ai-challenge-2025/Videos/Videos,8,498,34043159249,31.70516271982342
raw/source=kaggle/dataset=ai_challenge_2025/source_version=kaggle_current/batch=L25/ai-challenge-2025/Videos/Videos,8,176,25698597832,23.933684296905994
raw/source=kaggle/dataset=ai_challenge_2025/source_version=kaggle_current/batch=L30/ai-challenge-2025/Videos/Videos,8,96,4137446126,3.8532969783991575
raw/source=kaggle/dataset=ai_challenge_2025/source_version=kaggle_current/batch=L24/ai-challenge-2025/Videos/Videos,8,43,5796197572,5.398129645735025
raw/source=kaggle/dataset=ai_challenge_2025/source_version=kaggle_current/batch=L22/ai-challenge-2025/Videos/Videos,8,31,4154529806,3.8692073952406645
raw/source=kaggle/dataset=ai_challenge_2025/source_version=kaggle_current/batch=L21/ai-challenge-2025/Videos/Videos,8,29,3378944552,3.1468873396515846
raw/source=kaggle/dataset=ai_challenge_2025/source_version=kaggle_current/batch=L23/ai-challenge-2025/Videos/Videos,8,25,2043038704,1.9027280658483505
raw/source=kaggle/dataset=ai_challenge_2025/source_version=kaggle_current/batch=L28/ai-challenge-2025/Videos/Videos,8,24,7274481383,6.774888730607927
raw/source=kaggle/dataset=ai_challenge_2025/source_version=kaggle_current/batch=L29/ai-challenge-2025/Videos/Videos,8,23,6767155175,6.302404380403459
features/extractors/dataset=ai_challenge_2025/batch=L21/frame_profile=autoshot_v1/extractor=captioning/extractor_version=fe-captioning-v2.2/model=qwen3_vl_4b,8,16,7450623,0.0069389333948493
raw/source=kaggle/dataset=ai_challenge_2025/source_version=kaggle_current/batch=L27/ai-challenge-2025/Videos/Videos,8,16,2539789191,2.3653630083426833
features/extractors/dataset=ai_challenge_2025/batch=L21/frame_profile=autoshot_v1/extractor=object_detection/extractor_version=fe-object-detection-v1/run_id=demo_20260719T044453Z_449323fa,8,5,92994,8.660741150379181e-05
features/extractors/dataset=ai_challenge_2025/batch=L21/frame_profile=autoshot_v1/extractor=object_detection/extractor_version=fe-object-detection-v1/run_id=demo_20260810T052708Z_1ee5365b,8,5,76922,7.163919508457184e-05
features/extractors/dataset=ai_challenge_2025/batch=L21/frame_profile=autoshot_v1/extractor=object_detection/extractor_version=fe-object-detection-v1/run_id=demo_20260810T052742Z_4a7d72d4,8,5,76924,7.164105772972107e-05
features/extractors/dataset=ai_challenge_2025/batch=L21/frame_profile=autoshot_v1/extractor=object_detection/extractor_version=fe-object-detection-v1/run_id=full_l21_20260810T053426Z_2fd88279,8,5,2570699,0.002394150011241436
features/extractors/dataset=ai_challenge_2025/batch=L21/frame_profile=autoshot_v1/extractor=ocr/extractor_version=fe-ocr-v1/run_id=demo_20260719T063632Z_2c2aa41a,8,5,111700,0.00010402873158454895
features/extractors/dataset=ai_challenge_2025/batch=L21/frame_profile=autoshot_v1/extractor=ocr/extractor_version=fe-ocr-v1/run_id=full_l21_20260719T064450Z_6876c339,8,5,3668165,0.0034162448719143867
features/extractors/dataset=ai_challenge_2025/batch=L22/frame_profile=autoshot_v1/extractor=object_detection/extractor_version=fe-object-detection-v1/run_id=full_l22_20260719T051248Z_981c8b97,8,5,60680735,0.05651333834975958
features/extractors/dataset=ai_challenge_2025/batch=L22/frame_profile=autoshot_v1/extractor=object_detection/extractor_version=fe-object-detection-v1/run_id=full_l22_20260810T054419Z_d57adf8c,8,5,45084912,0.04198859632015228
features/extractors/dataset=ai_challenge_2025/batch=L22/frame_profile=autoshot_v1/extractor=ocr/extractor_version=fe-ocr-v1/run_id=full_l22_20260719T070117Z_461af57d,8,5,66328326,0.061773067340254784
features/extractors/dataset=ai_challenge_2025/batch=L23/frame_profile=autoshot_v1/extractor=object_detection/extractor_version=fe-object-detection-v1/run_id=full_l23_20260719T060811Z_59b21bba,8,5,7778332,0.007244136184453964
features/extractors/dataset=ai_challenge_2025/batch=L23/frame_profile=autoshot_v1/extractor=object_detection/extractor_version=fe-object-detection-v1/run_id=full_l23_20260810T065438Z_1d935849,8,5,5087364,0.004737976938486099
features/extractors/dataset=ai_challenge_2025/batch=L23/frame_profile=autoshot_v1/extractor=ocr/extractor_version=fe-ocr-v1/run_id=full_l23_20260719T112341Z_37475422,8,5,4163866,0.003877902403473854
features/extractors/dataset=ai_challenge_2025/batch=L24/frame_profile=autoshot_v1/extractor=object_detection/extractor_version=fe-object-detection-v1/run_id=full_l24_20260719T061303Z_0c0b15ea,8,5,13465173,0.012540419586002827
features/extractors/dataset=ai_challenge_2025/batch=L24/frame_profile=autoshot_v1/extractor=object_detection/extractor_version=fe-object-detection-v1/run_id=full_l24_20260810T070755Z_e96b8259,8,5,10111355,0.009416933171451092
features/extractors/dataset=ai_challenge_2025/batch=L24/frame_profile=autoshot_v1/extractor=ocr/extractor_version=fe-ocr-v1/run_id=full_l24_20260719T114104Z_d5e4879e,8,5,10015192,0.009327374398708344
features/extractors/dataset=ai_challenge_2025/batch=L25/frame_profile=autoshot_v1/extractor=object_detection/extractor_version=fe-object-detection-v1/run_id=full_l25_20260810T090337Z_a8a255f0,8,5,110841674,0.10322935320436954
features/extractors/dataset=ai_challenge_2025/batch=L26/frame_profile=autoshot_v1/extractor=object_detection/extractor_version=fe-object-detection-v1/run_id=full_l26_part1_20260811T021121Z_292768bc,8,5,117768932,0.10968086495995522
features/extractors/dataset=ai_challenge_2025/batch=L26/frame_profile=autoshot_v1/extractor=object_detection/extractor_version=fe-object-detection-v1/run_id=full_l26_part2_20260811T025301Z_507c2dbf,8,5,114567789,0.1066995682194829
features/extractors/dataset=ai_challenge_2025/batch=L27/frame_profile=autoshot_v1/extractor=object_detection/extractor_version=fe-object-detection-v1/run_id=full_l27_20260719T092322Z_e41fbbf6,8,5,14125327,0.013155235908925533
features/extractors/dataset=ai_challenge_2025/batch=L27/frame_profile=autoshot_v1/extractor=object_detection/extractor_version=fe-object-detection-v1/run_id=full_l27_20260810T095142Z_b983203e,8,5,11258691,0.010485473088920116
features/extractors/dataset=ai_challenge_2025/batch=L28/frame_profile=autoshot_v1/extractor=object_detection/extractor_version=fe-object-detection-v1/run_id=full_l28_20260719T093941Z_9a41d89d,8,5,24466085,0.02278581727296114
features/extractors/dataset=ai_challenge_2025/batch=L28/frame_profile=autoshot_v1/extractor=object_detection/extractor_version=fe-object-detection-v1/run_id=full_l28_20260810T091240Z_dd7e8175,8,5,19700351,0.018347381614148617
features/extractors/dataset=ai_challenge_2025/batch=L29/frame_profile=autoshot_v1/extractor=object_detection/extractor_version=fe-object-detection-v1/run_id=full_l29_20260719T092339Z_d8b51d4e,8,5,23335304,0.021732695400714874
features/extractors/dataset=ai_challenge_2025/batch=L29/frame_profile=autoshot_v1/extractor=object_detection/extractor_version=fe-object-detection-v1/run_id=full_l29_20260810T084356Z_28a4426e,8,5,18714960,0.017429664731025696
features/extractors/dataset=ai_challenge_2025/batch=L30/frame_profile=autoshot_v1/extractor=object_detection/extractor_version=fe-object-detection-v1/run_id=full_l30_20260719T095029Z_2c83eb5a,8,5,24750465,0.02305066678673029
features/extractors/dataset=ai_challenge_2025/batch=L30/frame_profile=autoshot_v1/extractor=object_detection/extractor_version=fe-object-detection-v1/run_id=full_l30_20260810T081737Z_a779eaf3,8,5,18616876,0.01733831688761711
features/extractors/dataset=ai_challenge_2025/batch=L21/frame_profile=autoshot_v1/extractor=object_detection/extractor_version=fe-object-detection-v1/run_id=demo_20260810T052145Z_51233ecd,8,4,52333,4.873890429735184e-05
features/extractors/dataset=ai_challenge_2025/batch=L21/frame_profile=autoshot_v1/extractor=object_detection/extractor_version=fe-object-detection-v1/run_id=full_l21_20260719T044559Z_9902a61a,8,4,3259033,0.003035211004316807
features/extractors/dataset=ai_challenge_2025/batch=L21/frame_profile=autoshot_v1/extractor=object_detection/extractor_version=fe-object-detection-v1/run_id=full_l21_20260719T045802Z_5012688c,8,4,93476,8.705630898475647e-05
features/extractors/dataset=ai_challenge_2025/batch=L21/frame_profile=autoshot_v1/extractor=ocr/extractor_version=fe-ocr-v1/run_id=demo_20260719T064006Z_0b7686d8,8,3,880,8.195638656616211e-07
features/extractors/dataset=ai_challenge_2025/batch=L21/frame_profile=autoshot_v1/extractor=object_detection/extractor_version=fe-object-detection-v1/run_id=demo_20260719T044553Z_47280a6f,8,2,878,8.177012205123901e-07
raw/source=kaggle/dataset=ai_challenge_2025/source_version=kaggle_current/batch=L26/ai-challenge-2025/Videos/Videos/Videos_L26_b,9,100,6839768183,6.370030513964593
raw/source=kaggle/dataset=ai_challenge_2025/source_version=kaggle_current/batch=L26/ai-challenge-2025/Videos/Videos/Videos_L26_c,9,100,6902887269,6.428814743645489
raw/source=kaggle/dataset=ai_challenge_2025/source_version=kaggle_current/batch=L26/ai-challenge-2025/Videos/Videos/Videos_L26_d,9,100,6773191992,6.308026604354382
raw/source=kaggle/dataset=ai_challenge_2025/source_version=kaggle_current/batch=L26/ai-challenge-2025/Videos/Videos/Videos_L26_a,9,99,6587385869,6.134981167502701
raw/source=kaggle/dataset=ai_challenge_2025/source_version=kaggle_current/batch=L26/ai-challenge-2025/Videos/Videos/Videos_L26_e,9,99,6939925936,6.463309690356255
raw/source=kaggle/dataset=ai_challenge_2025/source_version=kaggle_current/batch=L30/ai-challenge-2025/Videos/Videos/Video_L30_a,9,96,4137446126,3.8532969783991575
raw/source=kaggle/dataset=ai_challenge_2025/source_version=kaggle_current/batch=L25/ai-challenge-2025/Videos/Videos/Videos_L25_a,9,88,12849298916,11.966842148452997
raw/source=kaggle/dataset=ai_challenge_2025/source_version=kaggle_current/batch=L25/ai-challenge-2025/Videos/Videos/Videos_L25_a1,9,49,7285860189,6.785486069507897
raw/source=kaggle/dataset=ai_challenge_2025/source_version=kaggle_current/batch=L24/ai-challenge-2025/Videos/Videos/Videos_L24_a,9,43,5796197572,5.398129645735025
raw/source=kaggle/dataset=ai_challenge_2025/source_version=kaggle_current/batch=L25/ai-challenge-2025/Videos/Videos/Videos_L25_b,9,39,5563438727,5.1813560789451
raw/source=kaggle/dataset=ai_challenge_2025/source_version=kaggle_current/batch=L22/ai-challenge-2025/Videos/Videos/Videos_L22_a,9,31,4154529806,3.8692073952406645
raw/source=kaggle/dataset=ai_challenge_2025/source_version=kaggle_current/batch=L21/ai-challenge-2025/Videos/Videos/Videos_L21_a,9,29,3378944552,3.1468873396515846
raw/source=kaggle/dataset=ai_challenge_2025/source_version=kaggle_current/batch=L23/ai-challenge-2025/Videos/Videos/Videos_L23_a,9,25,2043038704,1.9027280658483505
raw/source=kaggle/dataset=ai_challenge_2025/source_version=kaggle_current/batch=L28/ai-challenge-2025/Videos/Videos/Videos_L28_a,9,24,7274481383,6.774888730607927
raw/source=kaggle/dataset=ai_challenge_2025/source_version=kaggle_current/batch=L29/ai-challenge-2025/Videos/Videos/Videos_L29_a,9,23,6767155175,6.302404380403459
raw/source=kaggle/dataset=ai_challenge_2025/source_version=kaggle_current/batch=L27/ai-challenge-2025/Videos/Videos/Videos_L27_a,9,16,2539789191,2.3653630083426833
features/extractors/dataset=ai_challenge_2025/batch=L21/frame_profile=autoshot_v1/extractor=captioning/extractor_version=fe-captioning-v2.2/model=qwen3_vl_4b/runs,9,12,3790131,0.003529834561049938
features/extractors/dataset=ai_challenge_2025/batch=L21/frame_profile=autoshot_v1/extractor=captioning/extractor_version=fe-captioning-v2.2/model=qwen3_vl_4b/data,9,3,3657752,0.0034065470099449158
raw/source=kaggle/dataset=ai_challenge_2025/source_version=kaggle_current/batch=L26/ai-challenge-2025/Videos/Videos/Videos_L26_b/video,10,100,6839768183,6.370030513964593
raw/source=kaggle/dataset=ai_challenge_2025/source_version=kaggle_current/batch=L26/ai-challenge-2025/Videos/Videos/Videos_L26_c/video,10,100,6902887269,6.428814743645489
raw/source=kaggle/dataset=ai_challenge_2025/source_version=kaggle_current/batch=L26/ai-challenge-2025/Videos/Videos/Videos_L26_d/video,10,100,6773191992,6.308026604354382
raw/source=kaggle/dataset=ai_challenge_2025/source_version=kaggle_current/batch=L26/ai-challenge-2025/Videos/Videos/Videos_L26_a/video,10,99,6587385869,6.134981167502701
raw/source=kaggle/dataset=ai_challenge_2025/source_version=kaggle_current/batch=L26/ai-challenge-2025/Videos/Videos/Videos_L26_e/video,10,99,6939925936,6.463309690356255
raw/source=kaggle/dataset=ai_challenge_2025/source_version=kaggle_current/batch=L30/ai-challenge-2025/Videos/Videos/Video_L30_a/video,10,96,4137446126,3.8532969783991575
raw/source=kaggle/dataset=ai_challenge_2025/source_version=kaggle_current/batch=L25/ai-challenge-2025/Videos/Videos/Videos_L25_a/video,10,88,12849298916,11.966842148452997
raw/source=kaggle/dataset=ai_challenge_2025/source_version=kaggle_current/batch=L25/ai-challenge-2025/Videos/Videos/Videos_L25_a1/video,10,49,7285860189,6.785486069507897
raw/source=kaggle/dataset=ai_challenge_2025/source_version=kaggle_current/batch=L24/ai-challenge-2025/Videos/Videos/Videos_L24_a/video,10,43,5796197572,5.398129645735025
raw/source=kaggle/dataset=ai_challenge_2025/source_version=kaggle_current/batch=L25/ai-challenge-2025/Videos/Videos/Videos_L25_b/video,10,39,5563438727,5.1813560789451
raw/source=kaggle/dataset=ai_challenge_2025/source_version=kaggle_current/batch=L22/ai-challenge-2025/Videos/Videos/Videos_L22_a/video,10,31,4154529806,3.8692073952406645
raw/source=kaggle/dataset=ai_challenge_2025/source_version=kaggle_current/batch=L21/ai-challenge-2025/Videos/Videos/Videos_L21_a/video,10,29,3378944552,3.1468873396515846
raw/source=kaggle/dataset=ai_challenge_2025/source_version=kaggle_current/batch=L23/ai-challenge-2025/Videos/Videos/Videos_L23_a/video,10,25,2043038704,1.9027280658483505
raw/source=kaggle/dataset=ai_challenge_2025/source_version=kaggle_current/batch=L28/ai-challenge-2025/Videos/Videos/Videos_L28_a/video,10,24,7274481383,6.774888730607927
raw/source=kaggle/dataset=ai_challenge_2025/source_version=kaggle_current/batch=L29/ai-challenge-2025/Videos/Videos/Videos_L29_a/video,10,23,6767155175,6.302404380403459
raw/source=kaggle/dataset=ai_challenge_2025/source_version=kaggle_current/batch=L27/ai-challenge-2025/Videos/Videos/Videos_L27_a/video,10,16,2539789191,2.3653630083426833
features/extractors/dataset=ai_challenge_2025/batch=L21/frame_profile=autoshot_v1/extractor=captioning/extractor_version=fe-captioning-v2.2/model=qwen3_vl_4b/runs/run_id=demo_20260802T100336Z_40a35619,10,6,71642,6.672181189060211e-05
features/extractors/dataset=ai_challenge_2025/batch=L21/frame_profile=autoshot_v1/extractor=captioning/extractor_version=fe-captioning-v2.2/model=qwen3_vl_4b/runs/run_id=full_l21_20260802T100817Z_8ca1432a,10,6,3718489,0.003463112749159336
