parent_folder,direct_objects,direct_size_MB,unique_extensions
processed/keyframes/dataset=ai_challenge_2025/batch=L22/profile=autoshot_v1/video_id=L22_V016,1300,277.7799015045166,2
processed/keyframes/dataset=ai_challenge_2025/batch=L22/profile=autoshot_v1/video_id=L22_V004,1249,269.3621988296509,2
processed/keyframes/dataset=ai_challenge_2025/batch=L22/profile=autoshot_v1/video_id=L22_V018,1195,255.35890579223633,2
processed/keyframes/dataset=ai_challenge_2025/batch=L22/profile=autoshot_v1/video_id=L22_V013,1138,223.80648231506348,2
processed/keyframes/dataset=ai_challenge_2025/batch=L22/profile=autoshot_v1/video_id=L22_V001,1135,233.38708114624023,2
processed/keyframes/dataset=ai_challenge_2025/batch=L21/profile=autoshot_v1/video_id=L21_V015,1105,214.89396858215332,2
processed/keyframes/dataset=ai_challenge_2025/batch=L22/profile=autoshot_v1/video_id=L22_V021,1099,238.44098949432373,2
processed/keyframes/dataset=ai_challenge_2025/batch=L22/profile=autoshot_v1/video_id=L22_V003,1093,230.26647281646729,2
processed/keyframes/dataset=ai_challenge_2025/batch=L22/profile=autoshot_v1/video_id=L22_V006,1087,238.03832340240479,2
processed/keyframes/dataset=ai_challenge_2025/batch=L21/profile=autoshot_v1/video_id=L21_V008,1078,214.28234004974365,2
processed/keyframes/dataset=ai_challenge_2025/batch=L22/profile=autoshot_v1/video_id=L22_V015,1075,215.2201690673828,2
processed/keyframes/dataset=ai_challenge_2025/batch=L21/profile=autoshot_v1/video_id=L21_V018,1054,229.9001007080078,2
processed/keyframes/dataset=ai_challenge_2025/batch=L22/profile=autoshot_v1/video_id=L22_V020,1054,217.2785129547119,2
processed/keyframes/dataset=ai_challenge_2025/batch=L22/profile=autoshot_v1/video_id=L22_V012,1054,215.57715511322021,2
processed/keyframes/dataset=ai_challenge_2025/batch=L21/profile=autoshot_v1/video_id=L21_V026,1045,218.0868158340454,2
processed/keyframes/dataset=ai_challenge_2025/batch=L22/profile=autoshot_v1/video_id=L22_V028,1036,212.22976684570312,2
processed/keyframes/dataset=ai_challenge_2025/batch=L22/profile=autoshot_v1/video_id=L22_V007,1036,204.25483989715576,2
processed/keyframes/dataset=ai_challenge_2025/batch=L22/profile=autoshot_v1/video_id=L22_V024,1030,217.06263542175293,2
processed/keyframes/dataset=ai_challenge_2025/batch=L21/profile=autoshot_v1/video_id=L21_V001,1024,192.62497520446777,2
processed/keyframes/dataset=ai_challenge_2025/batch=L21/profile=autoshot_v1/video_id=L21_V024,1006,200.12482833862305,2
processed/keyframes/dataset=ai_challenge_2025/batch=L22/profile=autoshot_v1/video_id=L22_V022,994,198.2385711669922,2
processed/keyframes/dataset=ai_challenge_2025/batch=L22/profile=autoshot_v1/video_id=L22_V011,985,221.31068420410156,2
processed/keyframes/dataset=ai_challenge_2025/batch=L21/profile=autoshot_v1/video_id=L21_V031,985,198.99934196472168,2
processed/keyframes/dataset=ai_challenge_2025/batch=L22/profile=autoshot_v1/video_id=L22_V025,976,210.71402168273926,2
processed/keyframes/dataset=ai_challenge_2025/batch=L22/profile=autoshot_v1/video_id=L22_V031,973,201.36643028259277,2
processed/keyframes/dataset=ai_challenge_2025/batch=L21/profile=autoshot_v1/video_id=L21_V027,967,206.72328758239746,2
processed/keyframes/dataset=ai_challenge_2025/batch=L22/profile=autoshot_v1/video_id=L22_V026,964,211.87529945373535,2
processed/keyframes/dataset=ai_challenge_2025/batch=L22/profile=autoshot_v1/video_id=L22_V023,961,196.70748901367188,2
processed/keyframes/dataset=ai_challenge_2025/batch=L22/profile=autoshot_v1/video_id=L22_V019,955,204.31987762451172,2
processed/keyframes/dataset=ai_challenge_2025/batch=L21/profile=autoshot_v1/video_id=L21_V014,949,203.53864288330078,2
processed/keyframes/dataset=ai_challenge_2025/batch=L21/profile=autoshot_v1/video_id=L21_V016,949,202.9126377105713,2
processed/keyframes/dataset=ai_challenge_2025/batch=L21/profile=autoshot_v1/video_id=L21_V013,946,199.5263843536377,2
processed/keyframes/dataset=ai_challenge_2025/batch=L22/profile=autoshot_v1/video_id=L22_V010,943,210.19786930084229,2
processed/keyframes/dataset=ai_challenge_2025/batch=L22/profile=autoshot_v1/video_id=L22_V002,940,201.14693069458008,2
processed/keyframes/dataset=ai_challenge_2025/batch=L21/profile=autoshot_v1/video_id=L21_V023,937,186.32606983184814,2
processed/keyframes/dataset=ai_challenge_2025/batch=L21/profile=autoshot_v1/video_id=L21_V025,934,191.66955947875977,2
processed/keyframes/dataset=ai_challenge_2025/batch=L22/profile=autoshot_v1/video_id=L22_V030,931,198.48828411102295,2
processed/keyframes/dataset=ai_challenge_2025/batch=L21/profile=autoshot_v1/video_id=L21_V009,922,189.74168300628662,2
processed/keyframes/dataset=ai_challenge_2025/batch=L22/profile=autoshot_v1/video_id=L22_V029,907,184.80908870697021,2
processed/keyframes/dataset=ai_challenge_2025/batch=L22/profile=autoshot_v1/video_id=L22_V014,904,201.91187572479248,2
processed/keyframes/dataset=ai_challenge_2025/batch=L22/profile=autoshot_v1/video_id=L22_V017,904,180.38267707824707,2
processed/keyframes/dataset=ai_challenge_2025/batch=L22/profile=autoshot_v1/video_id=L22_V008,892,176.36489963531494,2
processed/keyframes/dataset=ai_challenge_2025/batch=L21/profile=autoshot_v1/video_id=L21_V029,886,197.74218845367432,2
processed/keyframes/dataset=ai_challenge_2025/batch=L21/profile=autoshot_v1/video_id=L21_V002,868,185.96959400177002,2
processed/keyframes/dataset=ai_challenge_2025/batch=L21/profile=autoshot_v1/video_id=L21_V011,862,177.02755451202393,2
processed/keyframes/dataset=ai_challenge_2025/batch=L29/profile=autoshot_v1/video_id=L29_V001,856,221.88826274871826,2
processed/keyframes/dataset=ai_challenge_2025/batch=L21/profile=autoshot_v1/video_id=L21_V030,850,183.98800468444824,2
processed/keyframes/dataset=ai_challenge_2025/batch=L21/profile=autoshot_v1/video_id=L21_V010,844,172.56928730010986,2
processed/keyframes/dataset=ai_challenge_2025/batch=L22/profile=autoshot_v1/video_id=L22_V005,829,176.35301113128662,2
processed/keyframes/dataset=ai_challenge_2025/batch=L21/profile=autoshot_v1/video_id=L21_V006,829,175.3023443222046,2
processed/keyframes/dataset=ai_challenge_2025/batch=L28/profile=autoshot_v1/video_id=L28_V001,820,180.1986951828003,2
processed/keyframes/dataset=ai_challenge_2025/batch=L28/profile=autoshot_v1/video_id=L28_V009,817,190.54667568206787,2
processed/keyframes/dataset=ai_challenge_2025/batch=L22/profile=autoshot_v1/video_id=L22_V009,805,180.61736965179443,2
processed/keyframes/dataset=ai_challenge_2025/batch=L21/profile=autoshot_v1/video_id=L21_V003,805,162.92072296142578,2
processed/keyframes/dataset=ai_challenge_2025/batch=L28/profile=autoshot_v1/video_id=L28_V006,802,180.21368885040283,2
processed/keyframes/dataset=ai_challenge_2025/batch=L22/profile=autoshot_v1/video_id=L22_V027,799,168.2014036178589,2
processed/keyframes/dataset=ai_challenge_2025/batch=L28/profile=autoshot_v1/video_id=L28_V014,775,147.61575603485107,2
processed/keyframes/dataset=ai_challenge_2025/batch=L21/profile=autoshot_v1/video_id=L21_V028,772,153.56976318359375,2
processed/keyframes/dataset=ai_challenge_2025/batch=L28/profile=autoshot_v1/video_id=L28_V010,763,178.90909385681152,2
processed/keyframes/dataset=ai_challenge_2025/batch=L29/profile=autoshot_v1/video_id=L29_V006,763,177.83215808868408,2
processed/keyframes/dataset=ai_challenge_2025/batch=L21/profile=autoshot_v1/video_id=L21_V019,763,167.91528511047363,2
processed/keyframes/dataset=ai_challenge_2025/batch=L29/profile=autoshot_v1/video_id=L29_V019,760,179.0440034866333,2
processed/keyframes/dataset=ai_challenge_2025/batch=L28/profile=autoshot_v1/video_id=L28_V017,754,208.7654676437378,2
processed/keyframes/dataset=ai_challenge_2025/batch=L21/profile=autoshot_v1/video_id=L21_V021,754,171.56434154510498,2
processed/keyframes/dataset=ai_challenge_2025/batch=L28/profile=autoshot_v1/video_id=L28_V013,754,157.80851364135742,2
processed/keyframes/dataset=ai_challenge_2025/batch=L21/profile=autoshot_v1/video_id=L21_V012,754,157.1470537185669,2
processed/keyframes/dataset=ai_challenge_2025/batch=L28/profile=autoshot_v1/video_id=L28_V024,751,166.47894859313965,2
processed/keyframes/dataset=ai_challenge_2025/batch=L29/profile=autoshot_v1/video_id=L29_V002,748,181.491868019104,2
processed/keyframes/dataset=ai_challenge_2025/batch=L29/profile=autoshot_v1/video_id=L29_V016,748,167.67552089691162,2
processed/keyframes/dataset=ai_challenge_2025/batch=L21/profile=autoshot_v1/video_id=L21_V005,748,146.25793838500977,2
processed/keyframes/dataset=ai_challenge_2025/batch=L29/profile=autoshot_v1/video_id=L29_V018,742,168.5563097000122,2
processed/keyframes/dataset=ai_challenge_2025/batch=L29/profile=autoshot_v1/video_id=L29_V023,739,213.27125072479248,2
processed/keyframes/dataset=ai_challenge_2025/batch=L28/profile=autoshot_v1/video_id=L28_V002,739,143.0402479171753,2
processed/keyframes/dataset=ai_challenge_2025/batch=L28/profile=autoshot_v1/video_id=L28_V011,733,185.45297813415527,2
processed/keyframes/dataset=ai_challenge_2025/batch=L28/profile=autoshot_v1/video_id=L28_V003,733,138.39462280273438,2
processed/keyframes/dataset=ai_challenge_2025/batch=L29/profile=autoshot_v1/video_id=L29_V010,721,170.91676712036133,2
processed/keyframes/dataset=ai_challenge_2025/batch=L29/profile=autoshot_v1/video_id=L29_V015,703,174.79916954040527,2
processed/keyframes/dataset=ai_challenge_2025/batch=L28/profile=autoshot_v1/video_id=L28_V008,688,153.67944812774658,2
processed/keyframes/dataset=ai_challenge_2025/batch=L28/profile=autoshot_v1/video_id=L28_V019,679,180.42967128753662,2
processed/keyframes/dataset=ai_challenge_2025/batch=L21/profile=autoshot_v1/video_id=L21_V017,679,132.65577125549316,2
processed/keyframes/dataset=ai_challenge_2025/batch=L29/profile=autoshot_v1/video_id=L29_V004,664,184.02140522003174,2
processed/keyframes/dataset=ai_challenge_2025/batch=L28/profile=autoshot_v1/video_id=L28_V005,661,115.14935779571533,2
processed/keyframes/dataset=ai_challenge_2025/batch=L29/profile=autoshot_v1/video_id=L29_V017,658,196.49746990203857,2
processed/keyframes/dataset=ai_challenge_2025/batch=L29/profile=autoshot_v1/video_id=L29_V013,655,199.30391120910645,2
processed/keyframes/dataset=ai_challenge_2025/batch=L29/profile=autoshot_v1/video_id=L29_V014,655,166.94750022888184,2
processed/keyframes/dataset=ai_challenge_2025/batch=L21/profile=autoshot_v1/video_id=L21_V007,655,140.35869598388672,2
processed/keyframes/dataset=ai_challenge_2025/batch=L28/profile=autoshot_v1/video_id=L28_V018,652,161.01102352142334,2
processed/keyframes/dataset=ai_challenge_2025/batch=L29/profile=autoshot_v1/video_id=L29_V022,640,161.22678089141846,2
processed/keyframes/dataset=ai_challenge_2025/batch=L28/profile=autoshot_v1/video_id=L28_V004,640,150.10792064666748,2
processed/keyframes/dataset=ai_challenge_2025/batch=L29/profile=autoshot_v1/video_id=L29_V008,640,140.71344661712646,2
processed/keyframes/dataset=ai_challenge_2025/batch=L21/profile=autoshot_v1/video_id=L21_V022,640,137.88989448547363,2
processed/keyframes/dataset=ai_challenge_2025/batch=L27/profile=autoshot_v1/video_id=L27_V007,628,152.98471355438232,2
processed/keyframes/dataset=ai_challenge_2025/batch=L29/profile=autoshot_v1/video_id=L29_V020,619,142.08363819122314,2
processed/keyframes/dataset=ai_challenge_2025/batch=L28/profile=autoshot_v1/video_id=L28_V016,616,147.15193843841553,2
processed/keyframes/dataset=ai_challenge_2025/batch=L27/profile=autoshot_v1/video_id=L27_V008,610,130.37816905975342,2
processed/keyframes/dataset=ai_challenge_2025/batch=L27/profile=autoshot_v1/video_id=L27_V015,604,151.78095531463623,2
processed/keyframes/dataset=ai_challenge_2025/batch=L27/profile=autoshot_v1/video_id=L27_V010,601,158.45552444458008,2
processed/keyframes/dataset=ai_challenge_2025/batch=L27/profile=autoshot_v1/video_id=L27_V009,598,125.59085655212402,2
processed/keyframes/dataset=ai_challenge_2025/batch=L29/profile=autoshot_v1/video_id=L29_V007,595,154.901291847229,2
processed/keyframes/dataset=ai_challenge_2025/batch=L28/profile=autoshot_v1/video_id=L28_V012,592,162.19652652740479,2
processed/keyframes/dataset=ai_challenge_2025/batch=L29/profile=autoshot_v1/video_id=L29_V012,592,153.41506481170654,2
processed/keyframes/dataset=ai_challenge_2025/batch=L27/profile=autoshot_v1/video_id=L27_V013,586,166.55911350250244,2
processed/keyframes/dataset=ai_challenge_2025/batch=L27/profile=autoshot_v1/video_id=L27_V002,586,150.25524616241455,2
processed/keyframes/dataset=ai_challenge_2025/batch=L29/profile=autoshot_v1/video_id=L29_V005,571,151.006329536438,2
processed/keyframes/dataset=ai_challenge_2025/batch=L28/profile=autoshot_v1/video_id=L28_V007,568,133.15165519714355,2
processed/keyframes/dataset=ai_challenge_2025/batch=L27/profile=autoshot_v1/video_id=L27_V006,562,110.43712043762207,2
processed/keyframes/dataset=ai_challenge_2025/batch=L27/profile=autoshot_v1/video_id=L27_V012,556,138.90233039855957,2
processed/keyframes/dataset=ai_challenge_2025/batch=L27/profile=autoshot_v1/video_id=L27_V016,556,130.1106071472168,2
processed/keyframes/dataset=ai_challenge_2025/batch=L29/profile=autoshot_v1/video_id=L29_V009,553,158.68844985961914,2
processed/keyframes/dataset=ai_challenge_2025/batch=L27/profile=autoshot_v1/video_id=L27_V011,547,144.84161949157715,2
processed/keyframes/dataset=ai_challenge_2025/batch=L28/profile=autoshot_v1/video_id=L28_V015,547,132.44197463989258,2
processed/keyframes/dataset=ai_challenge_2025/batch=L27/profile=autoshot_v1/video_id=L27_V001,538,122.96536064147949,2
processed/keyframes/dataset=ai_challenge_2025/batch=L25/profile=autoshot_v1/video_id=L25_V007,535,109.02294445037842,2
processed/keyframes/dataset=ai_challenge_2025/batch=L29/profile=autoshot_v1/video_id=L29_V003,532,146.0476894378662,2
processed/keyframes/dataset=ai_challenge_2025/batch=L27/profile=autoshot_v1/video_id=L27_V014,520,127.2107286453247,2
processed/keyframes/dataset=ai_challenge_2025/batch=L25/profile=autoshot_v1/video_id=L25_V048,514,83.69427299499512,2
processed/keyframes/dataset=ai_challenge_2025/batch=L25/profile=autoshot_v1/video_id=L25_V033,511,96.49591827392578,2
processed/keyframes/dataset=ai_challenge_2025/batch=L25/profile=autoshot_v1/video_id=L25_V042,511,95.02667236328125,2
processed/keyframes/dataset=ai_challenge_2025/batch=L27/profile=autoshot_v1/video_id=L27_V005,508,108.05758666992188,2
processed/keyframes/dataset=ai_challenge_2025/batch=L25/profile=autoshot_v1/video_id=L25_V069,508,95.64028263092041,2
processed/keyframes/dataset=ai_challenge_2025/batch=L25/profile=autoshot_v1/video_id=L25_V039,505,81.86334800720215,2
processed/keyframes/dataset=ai_challenge_2025/batch=L28/profile=autoshot_v1/video_id=L28_V022,496,141.6260004043579,2
processed/keyframes/dataset=ai_challenge_2025/batch=L28/profile=autoshot_v1/video_id=L28_V021,496,130.1363639831543,2
processed/keyframes/dataset=ai_challenge_2025/batch=L27/profile=autoshot_v1/video_id=L27_V003,496,123.3565616607666,2
processed/keyframes/dataset=ai_challenge_2025/batch=L25/profile=autoshot_v1/video_id=L25_V074,496,84.63978481292725,2
processed/keyframes/dataset=ai_challenge_2025/batch=L25/profile=autoshot_v1/video_id=L25_V021,493,81.64275932312012,2
processed/keyframes/dataset=ai_challenge_2025/batch=L28/profile=autoshot_v1/video_id=L28_V023,487,132.46627712249756,2
processed/keyframes/dataset=ai_challenge_2025/batch=L27/profile=autoshot_v1/video_id=L27_V004,484,123.9897050857544,2
processed/keyframes/dataset=ai_challenge_2025/batch=L25/profile=autoshot_v1/video_id=L25_V051,482,90.60979652404785,2
processed/keyframes/dataset=ai_challenge_2025/batch=L25/profile=autoshot_v1/video_id=L25_V057,478,76.20547103881836,2
processed/keyframes/dataset=ai_challenge_2025/batch=L29/profile=autoshot_v1/video_id=L29_V011,475,114.5248794555664,2
processed/keyframes/dataset=ai_challenge_2025/batch=L25/profile=autoshot_v1/video_id=L25_V024,472,87.3254280090332,2
processed/keyframes/dataset=ai_challenge_2025/batch=L29/profile=autoshot_v1/video_id=L29_V021,472,82.02832794189453,2
processed/keyframes/dataset=ai_challenge_2025/batch=L25/profile=autoshot_v1/video_id=L25_V060,469,84.99284839630127,2
processed/keyframes/dataset=ai_challenge_2025/batch=L25/profile=autoshot_v1/video_id=L25_V063,469,84.92400932312012,2
processed/keyframes/dataset=ai_challenge_2025/batch=L25/profile=autoshot_v1/video_id=L25_V054,466,83.1757926940918,2
processed/keyframes/dataset=ai_challenge_2025/batch=L28/profile=autoshot_v1/video_id=L28_V020,463,136.88894081115723,2
processed/keyframes/dataset=ai_challenge_2025/batch=L25/profile=autoshot_v1/video_id=L25_V025,463,72.36621570587158,2
processed/keyframes/dataset=ai_challenge_2025/batch=L25/profile=autoshot_v1/video_id=L25_V066,460,74.09407138824463,2
processed/keyframes/dataset=ai_challenge_2025/batch=L25/profile=autoshot_v1/video_id=L25_V087,457,84.09552669525146,2
processed/keyframes/dataset=ai_challenge_2025/batch=L25/profile=autoshot_v1/video_id=L25_V084,457,75.60593891143799,2
processed/keyframes/dataset=ai_challenge_2025/batch=L25/profile=autoshot_v1/video_id=L25_V013,451,72.30033683776855,2
processed/keyframes/dataset=ai_challenge_2025/batch=L25/profile=autoshot_v1/video_id=L25_V016,445,82.50004386901855,2
processed/keyframes/dataset=ai_challenge_2025/batch=L25/profile=autoshot_v1/video_id=L25_V076,442,80.56875228881836,2
processed/keyframes/dataset=ai_challenge_2025/batch=L25/profile=autoshot_v1/video_id=L25_V085,430,72.43750953674316,2
processed/keyframes/dataset=ai_challenge_2025/batch=L25/profile=autoshot_v1/video_id=L25_V045,427,72.51076889038086,2
processed/keyframes/dataset=ai_challenge_2025/batch=L25/profile=autoshot_v1/video_id=L25_V049,427,69.36501693725586,2
processed/keyframes/dataset=ai_challenge_2025/batch=L25/profile=autoshot_v1/video_id=L25_V004,427,68.61043167114258,2
processed/keyframes/dataset=ai_challenge_2025/batch=L25/profile=autoshot_v1/video_id=L25_V005,424,67.30129337310791,2
processed/keyframes/dataset=ai_challenge_2025/batch=L25/profile=autoshot_v1/video_id=L25_V027,421,76.05373477935791,2
processed/keyframes/dataset=ai_challenge_2025/batch=L25/profile=autoshot_v1/video_id=L25_V030,418,69.46914482116699,2
processed/keyframes/dataset=ai_challenge_2025/batch=L25/profile=autoshot_v1/video_id=L25_V022,415,66.97058296203613,2
processed/keyframes/dataset=ai_challenge_2025/batch=L25/profile=autoshot_v1/video_id=L25_V010,412,74.3408145904541,2
processed/keyframes/dataset=ai_challenge_2025/batch=L25/profile=autoshot_v1/video_id=L25_V067,412,69.08654594421387,2
processed/keyframes/dataset=ai_challenge_2025/batch=L25/profile=autoshot_v1/video_id=L25_V077,412,68.99629211425781,2
processed/keyframes/dataset=ai_challenge_2025/batch=L25/profile=autoshot_v1/video_id=L25_V058,412,65.8933572769165,2
processed/keyframes/dataset=ai_challenge_2025/batch=L25/profile=autoshot_v1/video_id=L25_V031,412,65.4567289352417,2
processed/keyframes/dataset=ai_challenge_2025/batch=L25/profile=autoshot_v1/video_id=L25_V052,412,64.65360832214355,2
processed/keyframes/dataset=ai_challenge_2025/batch=L25/profile=autoshot_v1/video_id=L25_V061,409,66.11209392547607,2
processed/keyframes/dataset=ai_challenge_2025/batch=L25/profile=autoshot_v1/video_id=L25_V014,409,64.58674812316895,2
processed/keyframes/dataset=ai_challenge_2025/batch=L25/profile=autoshot_v1/video_id=L25_V034,409,64.41934871673584,2
processed/keyframes/dataset=ai_challenge_2025/batch=L25/profile=autoshot_v1/video_id=L25_V088,406,66.76691627502441,2
processed/keyframes/dataset=ai_challenge_2025/batch=L25/profile=autoshot_v1/video_id=L25_V040,406,64.62200260162354,2
processed/keyframes/dataset=ai_challenge_2025/batch=L25/profile=autoshot_v1/video_id=L25_V043,406,64.24583721160889,2
processed/keyframes/dataset=ai_challenge_2025/batch=L25/profile=autoshot_v1/video_id=L25_V008,406,64.23313808441162,2
processed/keyframes/dataset=ai_challenge_2025/batch=L25/profile=autoshot_v1/video_id=L25_V018,403,71.87660217285156,2
processed/keyframes/dataset=ai_challenge_2025/batch=L26/profile=autoshot_v1/video_id=L26_V495,403,69.37346649169922,2
processed/keyframes/dataset=ai_challenge_2025/batch=L26/profile=autoshot_v1/video_id=L26_V490,403,65.1080265045166,2
processed/keyframes/dataset=ai_challenge_2025/batch=L26/profile=autoshot_v1/video_id=L26_V178,400,67.3920545578003,2
processed/keyframes/dataset=ai_challenge_2025/batch=L26/profile=autoshot_v1/video_id=L26_V320,400,65.13720417022705,2
processed/keyframes/dataset=ai_challenge_2025/batch=L25/profile=autoshot_v1/video_id=L25_V017,400,63.822702407836914,2
processed/keyframes/dataset=ai_challenge_2025/batch=L25/profile=autoshot_v1/video_id=L25_V070,400,62.68046188354492,2
processed/keyframes/dataset=ai_challenge_2025/batch=L25/profile=autoshot_v1/video_id=L25_V019,397,67.72833347320557,2
processed/keyframes/dataset=ai_challenge_2025/batch=L26/profile=autoshot_v1/video_id=L26_V479,397,64.64582252502441,2
processed/keyframes/dataset=ai_challenge_2025/batch=L26/profile=autoshot_v1/video_id=L26_V435,397,63.728577613830566,2
processed/keyframes/dataset=ai_challenge_2025/batch=L26/profile=autoshot_v1/video_id=L26_V416,397,63.54869747161865,2
processed/keyframes/dataset=ai_challenge_2025/batch=L25/profile=autoshot_v1/video_id=L25_V036,394,68.51404571533203,2
processed/keyframes/dataset=ai_challenge_2025/batch=L26/profile=autoshot_v1/video_id=L26_V268,394,68.26894664764404,2
processed/keyframes/dataset=ai_challenge_2025/batch=L26/profile=autoshot_v1/video_id=L26_V342,394,66.41229343414307,2
processed/keyframes/dataset=ai_challenge_2025/batch=L25/profile=autoshot_v1/video_id=L25_V062,394,66.32046794891357,2
processed/keyframes/dataset=ai_challenge_2025/batch=L25/profile=autoshot_v1/video_id=L25_V078,394,66.0343828201294,2
processed/keyframes/dataset=ai_challenge_2025/batch=L25/profile=autoshot_v1/video_id=L25_V001,391,68.38166904449463,2
processed/keyframes/dataset=ai_challenge_2025/batch=L25/profile=autoshot_v1/video_id=L25_V080,391,67.96138954162598,2
processed/keyframes/dataset=ai_challenge_2025/batch=L25/profile=autoshot_v1/video_id=L25_V002,391,66.78909301757812,2
processed/keyframes/dataset=ai_challenge_2025/batch=L25/profile=autoshot_v1/video_id=L25_V028,391,66.46994400024414,2
processed/keyframes/dataset=ai_challenge_2025/batch=L25/profile=autoshot_v1/video_id=L25_V044,391,65.70462036132812,2
processed/keyframes/dataset=ai_challenge_2025/batch=L26/profile=autoshot_v1/video_id=L26_V433,391,60.5523681640625,2
processed/keyframes/dataset=ai_challenge_2025/batch=L25/profile=autoshot_v1/video_id=L25_V037,390,67.10406684875488,2
processed/keyframes/dataset=ai_challenge_2025/batch=L26/profile=autoshot_v1/video_id=L26_V195,388,70.06245994567871,2
processed/keyframes/dataset=ai_challenge_2025/batch=L25/profile=autoshot_v1/video_id=L25_V026,388,66.77479362487793,2
processed/keyframes/dataset=ai_challenge_2025/batch=L25/profile=autoshot_v1/video_id=L25_V011,388,64.957275390625,2
processed/keyframes/dataset=ai_challenge_2025/batch=L26/profile=autoshot_v1/video_id=L26_V212,388,62.40278911590576,2
processed/keyframes/dataset=ai_challenge_2025/batch=L26/profile=autoshot_v1/video_id=L26_V296,388,60.460113525390625,2
processed/keyframes/dataset=ai_challenge_2025/batch=L26/profile=autoshot_v1/video_id=L26_V351,388,60.36545372009277,2
processed/keyframes/dataset=ai_challenge_2025/batch=L25/profile=autoshot_v1/video_id=L25_V015,385,67.23166084289551,2
processed/keyframes/dataset=ai_challenge_2025/batch=L25/profile=autoshot_v1/video_id=L25_V041,385,67.01973819732666,2
processed/keyframes/dataset=ai_challenge_2025/batch=L25/profile=autoshot_v1/video_id=L25_V086,385,65.78273677825928,2
processed/keyframes/dataset=ai_challenge_2025/batch=L25/profile=autoshot_v1/video_id=L25_V064,385,65.75502014160156,2
processed/keyframes/dataset=ai_challenge_2025/batch=L26/profile=autoshot_v1/video_id=L26_V428,385,65.69037246704102,2
processed/keyframes/dataset=ai_challenge_2025/batch=L25/profile=autoshot_v1/video_id=L25_V046,385,65.17077827453613,2
processed/keyframes/dataset=ai_challenge_2025/batch=L26/profile=autoshot_v1/video_id=L26_V234,385,63.69909954071045,2
processed/keyframes/dataset=ai_challenge_2025/batch=L26/profile=autoshot_v1/video_id=L26_V488,385,63.637428283691406,2
processed/keyframes/dataset=ai_challenge_2025/batch=L26/profile=autoshot_v1/video_id=L26_V336,385,63.4337682723999,2
processed/keyframes/dataset=ai_challenge_2025/batch=L26/profile=autoshot_v1/video_id=L26_V171,385,63.261178970336914,2
processed/keyframes/dataset=ai_challenge_2025/batch=L25/profile=autoshot_v1/video_id=L25_V075,382,65.60037803649902,2
processed/keyframes/dataset=ai_challenge_2025/batch=L26/profile=autoshot_v1/video_id=L26_V346,382,65.55264663696289,2
processed/keyframes/dataset=ai_challenge_2025/batch=L26/profile=autoshot_v1/video_id=L26_V496,382,64.54807376861572,2
processed/keyframes/dataset=ai_challenge_2025/batch=L26/profile=autoshot_v1/video_id=L26_V491,382,62.87260627746582,2
processed/keyframes/dataset=ai_challenge_2025/batch=L25/profile=autoshot_v1/video_id=L25_V012,379,65.56958770751953,2
processed/keyframes/dataset=ai_challenge_2025/batch=L25/profile=autoshot_v1/video_id=L25_V035,379,65.4080457687378,2
processed/keyframes/dataset=ai_challenge_2025/batch=L25/profile=autoshot_v1/video_id=L25_V020,379,65.05296897888184,2
processed/keyframes/dataset=ai_challenge_2025/batch=L25/profile=autoshot_v1/video_id=L25_V083,379,64.11031341552734,2
processed/keyframes/dataset=ai_challenge_2025/batch=L25/profile=autoshot_v1/video_id=L25_V053,379,64.09121990203857,2
processed/keyframes/dataset=ai_challenge_2025/batch=L26/profile=autoshot_v1/video_id=L26_V183,379,62.39056396484375,2
processed/keyframes/dataset=ai_challenge_2025/batch=L26/profile=autoshot_v1/video_id=L26_V408,376,68.875,2
processed/keyframes/dataset=ai_challenge_2025/batch=L25/profile=autoshot_v1/video_id=L25_V023,376,65.44247055053711,2
processed/keyframes/dataset=ai_challenge_2025/batch=L26/profile=autoshot_v1/video_id=L26_V476,376,64.80714416503906,2
processed/keyframes/dataset=ai_challenge_2025/batch=L25/profile=autoshot_v1/video_id=L25_V038,376,64.3970422744751,2
processed/keyframes/dataset=ai_challenge_2025/batch=L25/profile=autoshot_v1/video_id=L25_V072,376,64.2611894607544,2
processed/keyframes/dataset=ai_challenge_2025/batch=L25/profile=autoshot_v1/video_id=L25_V055,376,63.76890277862549,2
processed/keyframes/dataset=ai_challenge_2025/batch=L25/profile=autoshot_v1/video_id=L25_V071,376,63.582045555114746,2
processed/keyframes/dataset=ai_challenge_2025/batch=L26/profile=autoshot_v1/video_id=L26_V443,376,62.339128494262695,2
processed/keyframes/dataset=ai_challenge_2025/batch=L26/profile=autoshot_v1/video_id=L26_V250,376,59.918633460998535,2
processed/keyframes/dataset=ai_challenge_2025/batch=L26/profile=autoshot_v1/video_id=L26_V015,373,68.58391761779785,2
processed/keyframes/dataset=ai_challenge_2025/batch=L25/profile=autoshot_v1/video_id=L25_V032,373,65.16486930847168,2
processed/keyframes/dataset=ai_challenge_2025/batch=L25/profile=autoshot_v1/video_id=L25_V009,373,64.54996109008789,2
processed/keyframes/dataset=ai_challenge_2025/batch=L25/profile=autoshot_v1/video_id=L25_V068,373,64.20644092559814,2
processed/keyframes/dataset=ai_challenge_2025/batch=L25/profile=autoshot_v1/video_id=L25_V006,373,64.11769199371338,2
processed/keyframes/dataset=ai_challenge_2025/batch=L26/profile=autoshot_v1/video_id=L26_V437,373,63.73579692840576,2
processed/keyframes/dataset=ai_challenge_2025/batch=L25/profile=autoshot_v1/video_id=L25_V056,373,63.38282585144043,2
processed/keyframes/dataset=ai_challenge_2025/batch=L25/profile=autoshot_v1/video_id=L25_V081,373,63.16962909698486,2
processed/keyframes/dataset=ai_challenge_2025/batch=L26/profile=autoshot_v1/video_id=L26_V232,373,62.79091167449951,2
processed/keyframes/dataset=ai_challenge_2025/batch=L25/profile=autoshot_v1/video_id=L25_V050,372,64.77874279022217,2
processed/keyframes/dataset=ai_challenge_2025/batch=L26/profile=autoshot_v1/video_id=L26_V337,370,64.74763870239258,2
processed/keyframes/dataset=ai_challenge_2025/batch=L25/profile=autoshot_v1/video_id=L25_V082,370,64.14999866485596,2
processed/keyframes/dataset=ai_challenge_2025/batch=L25/profile=autoshot_v1/video_id=L25_V003,370,63.85021114349365,2
processed/keyframes/dataset=ai_challenge_2025/batch=L25/profile=autoshot_v1/video_id=L25_V059,370,63.53835868835449,2
processed/keyframes/dataset=ai_challenge_2025/batch=L26/profile=autoshot_v1/video_id=L26_V485,370,62.748796463012695,2
processed/keyframes/dataset=ai_challenge_2025/batch=L25/profile=autoshot_v1/video_id=L25_V047,370,62.70952224731445,2
processed/keyframes/dataset=ai_challenge_2025/batch=L26/profile=autoshot_v1/video_id=L26_V482,370,62.27499485015869,2
processed/keyframes/dataset=ai_challenge_2025/batch=L25/profile=autoshot_v1/video_id=L25_V079,370,62.18381595611572,2
processed/keyframes/dataset=ai_challenge_2025/batch=L26/profile=autoshot_v1/video_id=L26_V272,370,61.0089635848999,2
processed/keyframes/dataset=ai_challenge_2025/batch=L26/profile=autoshot_v1/video_id=L26_V450,367,65.06875801086426,2
processed/keyframes/dataset=ai_challenge_2025/batch=L25/profile=autoshot_v1/video_id=L25_V029,367,63.15261936187744,2
processed/keyframes/dataset=ai_challenge_2025/batch=L25/profile=autoshot_v1/video_id=L25_V073,367,62.82025909423828,2
processed/keyframes/dataset=ai_challenge_2025/batch=L26/profile=autoshot_v1/video_id=L26_V375,367,62.74869728088379,2
processed/keyframes/dataset=ai_challenge_2025/batch=L25/profile=autoshot_v1/video_id=L25_V065,367,62.370235443115234,2
processed/keyframes/dataset=ai_challenge_2025/batch=L26/profile=autoshot_v1/video_id=L26_V398,364,65.27577877044678,2
processed/keyframes/dataset=ai_challenge_2025/batch=L26/profile=autoshot_v1/video_id=L26_V333,364,64.85887145996094,2
processed/keyframes/dataset=ai_challenge_2025/batch=L26/profile=autoshot_v1/video_id=L26_V180,364,64.58781147003174,2
processed/keyframes/dataset=ai_challenge_2025/batch=L26/profile=autoshot_v1/video_id=L26_V318,364,64.240647315979,2
processed/keyframes/dataset=ai_challenge_2025/batch=L26/profile=autoshot_v1/video_id=L26_V429,364,64.18884563446045,2
processed/keyframes/dataset=ai_challenge_2025/batch=L26/profile=autoshot_v1/video_id=L26_V440,364,62.39046096801758,2
processed/keyframes/dataset=ai_challenge_2025/batch=L26/profile=autoshot_v1/video_id=L26_V356,364,62.30644130706787,2
processed/keyframes/dataset=ai_challenge_2025/batch=L26/profile=autoshot_v1/video_id=L26_V400,364,61.461875915527344,2
processed/keyframes/dataset=ai_challenge_2025/batch=L26/profile=autoshot_v1/video_id=L26_V350,364,61.12364196777344,2
processed/keyframes/dataset=ai_challenge_2025/batch=L26/profile=autoshot_v1/video_id=L26_V354,364,61.023348808288574,2
processed/keyframes/dataset=ai_challenge_2025/batch=L26/profile=autoshot_v1/video_id=L26_V324,364,60.597840309143066,2
processed/keyframes/dataset=ai_challenge_2025/batch=L26/profile=autoshot_v1/video_id=L26_V358,364,60.53681182861328,2
processed/keyframes/dataset=ai_challenge_2025/batch=L26/profile=autoshot_v1/video_id=L26_V489,364,60.22001934051514,2
processed/keyframes/dataset=ai_challenge_2025/batch=L26/profile=autoshot_v1/video_id=L26_V169,364,60.109487533569336,2
processed/keyframes/dataset=ai_challenge_2025/batch=L26/profile=autoshot_v1/video_id=L26_V229,364,58.62053108215332,2
processed/keyframes/dataset=ai_challenge_2025/batch=L26/profile=autoshot_v1/video_id=L26_V338,361,63.81099891662598,2
processed/keyframes/dataset=ai_challenge_2025/batch=L26/profile=autoshot_v1/video_id=L26_V378,361,61.79670524597168,2
processed/keyframes/dataset=ai_challenge_2025/batch=L26/profile=autoshot_v1/video_id=L26_V209,361,61.41466426849365,2
processed/keyframes/dataset=ai_challenge_2025/batch=L26/profile=autoshot_v1/video_id=L26_V385,361,61.12993907928467,2
processed/keyframes/dataset=ai_challenge_2025/batch=L26/profile=autoshot_v1/video_id=L26_V173,361,60.966758728027344,2
processed/keyframes/dataset=ai_challenge_2025/batch=L26/profile=autoshot_v1/video_id=L26_V267,361,59.94938659667969,2
processed/keyframes/dataset=ai_challenge_2025/batch=L26/profile=autoshot_v1/video_id=L26_V277,361,59.40756320953369,2
processed/keyframes/dataset=ai_challenge_2025/batch=L26/profile=autoshot_v1/video_id=L26_V243,361,58.85343265533447,2
processed/keyframes/dataset=ai_challenge_2025/batch=L26/profile=autoshot_v1/video_id=L26_V249,361,58.49251937866211,2
processed/keyframes/dataset=ai_challenge_2025/batch=L26/profile=autoshot_v1/video_id=L26_V226,361,58.20790672302246,2
processed/keyframes/dataset=ai_challenge_2025/batch=L26/profile=autoshot_v1/video_id=L26_V441,358,63.32340049743652,2
processed/keyframes/dataset=ai_challenge_2025/batch=L26/profile=autoshot_v1/video_id=L26_V329,358,62.865275382995605,2
processed/keyframes/dataset=ai_challenge_2025/batch=L26/profile=autoshot_v1/video_id=L26_V186,358,60.466084480285645,2
processed/keyframes/dataset=ai_challenge_2025/batch=L26/profile=autoshot_v1/video_id=L26_V466,358,60.3759651184082,2
processed/keyframes/dataset=ai_challenge_2025/batch=L26/profile=autoshot_v1/video_id=L26_V365,358,59.859612464904785,2
processed/keyframes/dataset=ai_challenge_2025/batch=L26/profile=autoshot_v1/video_id=L26_V481,358,59.310049057006836,2
processed/keyframes/dataset=ai_challenge_2025/batch=L26/profile=autoshot_v1/video_id=L26_V483,358,58.61762523651123,2
processed/keyframes/dataset=ai_challenge_2025/batch=L26/profile=autoshot_v1/video_id=L26_V302,358,58.52203845977783,2
processed/keyframes/dataset=ai_challenge_2025/batch=L26/profile=autoshot_v1/video_id=L26_V471,358,57.27733612060547,2
processed/keyframes/dataset=ai_challenge_2025/batch=L26/profile=autoshot_v1/video_id=L26_V393,355,63.14349842071533,2
processed/keyframes/dataset=ai_challenge_2025/batch=L26/profile=autoshot_v1/video_id=L26_V347,355,61.217519760131836,2
processed/keyframes/dataset=ai_challenge_2025/batch=L26/profile=autoshot_v1/video_id=L26_V461,355,60.09944725036621,2
processed/keyframes/dataset=ai_challenge_2025/batch=L26/profile=autoshot_v1/video_id=L26_V177,355,59.7424373626709,2
processed/keyframes/dataset=ai_challenge_2025/batch=L26/profile=autoshot_v1/video_id=L26_V487,355,59.62539291381836,2
processed/keyframes/dataset=ai_challenge_2025/batch=L26/profile=autoshot_v1/video_id=L26_V405,355,59.24879837036133,2
processed/keyframes/dataset=ai_challenge_2025/batch=L26/profile=autoshot_v1/video_id=L26_V388,355,58.92633628845215,2
processed/keyframes/dataset=ai_challenge_2025/batch=L26/profile=autoshot_v1/video_id=L26_V348,355,58.196932792663574,2
processed/keyframes/dataset=ai_challenge_2025/batch=L26/profile=autoshot_v1/video_id=L26_V366,355,57.928507804870605,2
processed/keyframes/dataset=ai_challenge_2025/batch=L26/profile=autoshot_v1/video_id=L26_V401,355,56.32481098175049,2
processed/keyframes/dataset=ai_challenge_2025/batch=L26/profile=autoshot_v1/video_id=L26_V448,352,63.26717948913574,2
processed/keyframes/dataset=ai_challenge_2025/batch=L26/profile=autoshot_v1/video_id=L26_V270,352,63.19424915313721,2
processed/keyframes/dataset=ai_challenge_2025/batch=L26/profile=autoshot_v1/video_id=L26_V316,352,61.67029666900635,2
processed/keyframes/dataset=ai_challenge_2025/batch=L26/profile=autoshot_v1/video_id=L26_V434,352,59.313523292541504,2
processed/keyframes/dataset=ai_challenge_2025/batch=L26/profile=autoshot_v1/video_id=L26_V210,352,58.730082511901855,2
processed/keyframes/dataset=ai_challenge_2025/batch=L26/profile=autoshot_v1/video_id=L26_V368,352,57.35352420806885,2
processed/keyframes/dataset=ai_challenge_2025/batch=L26/profile=autoshot_v1/video_id=L26_V339,352,56.258344650268555,2
processed/keyframes/dataset=ai_challenge_2025/batch=L26/profile=autoshot_v1/video_id=L26_V399,349,61.8299560546875,2
processed/keyframes/dataset=ai_challenge_2025/batch=L26/profile=autoshot_v1/video_id=L26_V303,349,61.383917808532715,2
processed/keyframes/dataset=ai_challenge_2025/batch=L26/profile=autoshot_v1/video_id=L26_V261,349,60.81400775909424,2
processed/keyframes/dataset=ai_challenge_2025/batch=L26/profile=autoshot_v1/video_id=L26_V269,349,60.238083839416504,2
processed/keyframes/dataset=ai_challenge_2025/batch=L26/profile=autoshot_v1/video_id=L26_V227,349,60.21298789978027,2
processed/keyframes/dataset=ai_challenge_2025/batch=L26/profile=autoshot_v1/video_id=L26_V327,349,60.07613277435303,2
processed/keyframes/dataset=ai_challenge_2025/batch=L26/profile=autoshot_v1/video_id=L26_V298,349,59.87384223937988,2
processed/keyframes/dataset=ai_challenge_2025/batch=L26/profile=autoshot_v1/video_id=L26_V381,349,59.73942279815674,2
processed/keyframes/dataset=ai_challenge_2025/batch=L26/profile=autoshot_v1/video_id=L26_V241,349,59.62340068817139,2
processed/keyframes/dataset=ai_challenge_2025/batch=L26/profile=autoshot_v1/video_id=L26_V432,349,59.575379371643066,2
processed/keyframes/dataset=ai_challenge_2025/batch=L26/profile=autoshot_v1/video_id=L26_V404,346,63.38594913482666,2
processed/keyframes/dataset=ai_challenge_2025/batch=L26/profile=autoshot_v1/video_id=L26_V341,346,61.179627418518066,2
processed/keyframes/dataset=ai_challenge_2025/batch=L26/profile=autoshot_v1/video_id=L26_V172,346,60.11870765686035,2
processed/keyframes/dataset=ai_challenge_2025/batch=L26/profile=autoshot_v1/video_id=L26_V039,346,59.788835525512695,2
processed/keyframes/dataset=ai_challenge_2025/batch=L26/profile=autoshot_v1/video_id=L26_V374,346,59.47917556762695,2
processed/keyframes/dataset=ai_challenge_2025/batch=L26/profile=autoshot_v1/video_id=L26_V259,346,59.42896366119385,2
processed/keyframes/dataset=ai_challenge_2025/batch=L26/profile=autoshot_v1/video_id=L26_V214,346,59.418853759765625,2
processed/keyframes/dataset=ai_challenge_2025/batch=L26/profile=autoshot_v1/video_id=L26_V406,346,58.40667724609375,2
processed/keyframes/dataset=ai_challenge_2025/batch=L26/profile=autoshot_v1/video_id=L26_V312,346,57.50606346130371,2
processed/keyframes/dataset=ai_challenge_2025/batch=L26/profile=autoshot_v1/video_id=L26_V486,346,57.46640968322754,2
processed/keyframes/dataset=ai_challenge_2025/batch=L26/profile=autoshot_v1/video_id=L26_V276,346,56.224276542663574,2
processed/keyframes/dataset=ai_challenge_2025/batch=L26/profile=autoshot_v1/video_id=L26_V477,346,54.72814750671387,2
processed/keyframes/dataset=ai_challenge_2025/batch=L26/profile=autoshot_v1/video_id=L26_V431,343,59.17682647705078,2
processed/keyframes/dataset=ai_challenge_2025/batch=L26/profile=autoshot_v1/video_id=L26_V199,343,58.939170837402344,2
processed/keyframes/dataset=ai_challenge_2025/batch=L26/profile=autoshot_v1/video_id=L26_V469,343,57.961477279663086,2
processed/keyframes/dataset=ai_challenge_2025/batch=L26/profile=autoshot_v1/video_id=L26_V218,343,57.83709239959717,2
processed/keyframes/dataset=ai_challenge_2025/batch=L26/profile=autoshot_v1/video_id=L26_V292,343,57.47726249694824,2
processed/keyframes/dataset=ai_challenge_2025/batch=L26/profile=autoshot_v1/video_id=L26_V247,343,56.721336364746094,2
processed/keyframes/dataset=ai_challenge_2025/batch=L26/profile=autoshot_v1/video_id=L26_V453,343,56.20811653137207,2
processed/keyframes/dataset=ai_challenge_2025/batch=L26/profile=autoshot_v1/video_id=L26_V220,343,54.88552188873291,2
processed/keyframes/dataset=ai_challenge_2025/batch=L26/profile=autoshot_v1/video_id=L26_V430,343,53.51073741912842,2
processed/keyframes/dataset=ai_challenge_2025/batch=L26/profile=autoshot_v1/video_id=L26_V377,340,59.99578285217285,2
processed/keyframes/dataset=ai_challenge_2025/batch=L26/profile=autoshot_v1/video_id=L26_V330,340,59.32060718536377,2
processed/keyframes/dataset=ai_challenge_2025/batch=L26/profile=autoshot_v1/video_id=L26_V343,340,59.318840980529785,2
processed/keyframes/dataset=ai_challenge_2025/batch=L26/profile=autoshot_v1/video_id=L26_V372,340,58.05405139923096,2
processed/keyframes/dataset=ai_challenge_2025/batch=L26/profile=autoshot_v1/video_id=L26_V370,340,57.09787559509277,2
processed/keyframes/dataset=ai_challenge_2025/batch=L26/profile=autoshot_v1/video_id=L26_V254,340,56.54161262512207,2
processed/keyframes/dataset=ai_challenge_2025/batch=L26/profile=autoshot_v1/video_id=L26_V455,337,62.96023654937744,2
processed/keyframes/dataset=ai_challenge_2025/batch=L26/profile=autoshot_v1/video_id=L26_V198,337,59.88323783874512,2
processed/keyframes/dataset=ai_challenge_2025/batch=L26/profile=autoshot_v1/video_id=L26_V409,337,59.68808555603027,2
processed/keyframes/dataset=ai_challenge_2025/batch=L26/profile=autoshot_v1/video_id=L26_V442,337,58.374101638793945,2
processed/keyframes/dataset=ai_challenge_2025/batch=L26/profile=autoshot_v1/video_id=L26_V497,337,57.935736656188965,2
processed/keyframes/dataset=ai_challenge_2025/batch=L26/profile=autoshot_v1/video_id=L26_V242,337,56.57381820678711,2
processed/keyframes/dataset=ai_challenge_2025/batch=L26/profile=autoshot_v1/video_id=L26_V456,337,54.46858501434326,2
processed/keyframes/dataset=ai_challenge_2025/batch=L26/profile=autoshot_v1/video_id=L26_V470,337,52.07594871520996,2
processed/keyframes/dataset=ai_challenge_2025/batch=L26/profile=autoshot_v1/video_id=L26_V256,334,58.96182823181152,2
processed/keyframes/dataset=ai_challenge_2025/batch=L26/profile=autoshot_v1/video_id=L26_V266,334,58.78952217102051,2
processed/keyframes/dataset=ai_challenge_2025/batch=L26/profile=autoshot_v1/video_id=L26_V239,334,58.13822555541992,2
processed/keyframes/dataset=ai_challenge_2025/batch=L26/profile=autoshot_v1/video_id=L26_V412,334,57.869688987731934,2
processed/keyframes/dataset=ai_challenge_2025/batch=L26/profile=autoshot_v1/video_id=L26_V285,334,56.96343803405762,2
processed/keyframes/dataset=ai_challenge_2025/batch=L26/profile=autoshot_v1/video_id=L26_V349,334,56.92376518249512,2
processed/keyframes/dataset=ai_challenge_2025/batch=L26/profile=autoshot_v1/video_id=L26_V174,334,56.600863456726074,2
processed/keyframes/dataset=ai_challenge_2025/batch=L26/profile=autoshot_v1/video_id=L26_V274,334,55.80200672149658,2
processed/keyframes/dataset=ai_challenge_2025/batch=L26/profile=autoshot_v1/video_id=L26_V396,334,55.61239433288574,2
processed/keyframes/dataset=ai_challenge_2025/batch=L26/profile=autoshot_v1/video_id=L26_V224,334,55.17674541473389,2
processed/keyframes/dataset=ai_challenge_2025/batch=L26/profile=autoshot_v1/video_id=L26_V291,334,54.049405097961426,2
processed/keyframes/dataset=ai_challenge_2025/batch=L26/profile=autoshot_v1/video_id=L26_V205,331,58.583600997924805,2
processed/keyframes/dataset=ai_challenge_2025/batch=L26/profile=autoshot_v1/video_id=L26_V484,331,57.937254905700684,2
processed/keyframes/dataset=ai_challenge_2025/batch=L26/profile=autoshot_v1/video_id=L26_V255,331,57.396528244018555,2
processed/keyframes/dataset=ai_challenge_2025/batch=L26/profile=autoshot_v1/video_id=L26_V281,331,57.104912757873535,2
processed/keyframes/dataset=ai_challenge_2025/batch=L26/profile=autoshot_v1/video_id=L26_V498,331,56.917205810546875,2
processed/keyframes/dataset=ai_challenge_2025/batch=L26/profile=autoshot_v1/video_id=L26_V386,331,56.13083362579346,2
processed/keyframes/dataset=ai_challenge_2025/batch=L26/profile=autoshot_v1/video_id=L26_V480,331,55.53716564178467,2
processed/keyframes/dataset=ai_challenge_2025/batch=L26/profile=autoshot_v1/video_id=L26_V468,331,55.51165294647217,2
processed/keyframes/dataset=ai_challenge_2025/batch=L26/profile=autoshot_v1/video_id=L26_V328,331,55.411980628967285,2
processed/keyframes/dataset=ai_challenge_2025/batch=L26/profile=autoshot_v1/video_id=L26_V391,331,55.242987632751465,2
processed/keyframes/dataset=ai_challenge_2025/batch=L26/profile=autoshot_v1/video_id=L26_V361,331,55.21677303314209,2
processed/keyframes/dataset=ai_challenge_2025/batch=L26/profile=autoshot_v1/video_id=L26_V271,331,54.61799716949463,2
processed/keyframes/dataset=ai_challenge_2025/batch=L26/profile=autoshot_v1/video_id=L26_V262,331,54.47761821746826,2
processed/keyframes/dataset=ai_challenge_2025/batch=L26/profile=autoshot_v1/video_id=L26_V275,331,54.31125545501709,2
processed/keyframes/dataset=ai_challenge_2025/batch=L26/profile=autoshot_v1/video_id=L26_V185,328,58.75516319274902,2
processed/keyframes/dataset=ai_challenge_2025/batch=L26/profile=autoshot_v1/video_id=L26_V335,328,57.55039596557617,2
processed/keyframes/dataset=ai_challenge_2025/batch=L26/profile=autoshot_v1/video_id=L26_V326,328,57.10817527770996,2
processed/keyframes/dataset=ai_challenge_2025/batch=L26/profile=autoshot_v1/video_id=L26_V179,328,56.97313213348389,2
processed/keyframes/dataset=ai_challenge_2025/batch=L26/profile=autoshot_v1/video_id=L26_V290,328,56.791504859924316,2
processed/keyframes/dataset=ai_challenge_2025/batch=L26/profile=autoshot_v1/video_id=L26_V478,328,56.63308048248291,2
processed/keyframes/dataset=ai_challenge_2025/batch=L26/profile=autoshot_v1/video_id=L26_V321,328,56.074031829833984,2
processed/keyframes/dataset=ai_challenge_2025/batch=L26/profile=autoshot_v1/video_id=L26_V414,328,55.556480407714844,2
processed/keyframes/dataset=ai_challenge_2025/batch=L26/profile=autoshot_v1/video_id=L26_V286,328,55.5483341217041,2
processed/keyframes/dataset=ai_challenge_2025/batch=L26/profile=autoshot_v1/video_id=L26_V420,328,55.474080085754395,2
processed/keyframes/dataset=ai_challenge_2025/batch=L26/profile=autoshot_v1/video_id=L26_V499,328,55.34436511993408,2
processed/keyframes/dataset=ai_challenge_2025/batch=L26/profile=autoshot_v1/video_id=L26_V418,328,55.24178981781006,2
processed/keyframes/dataset=ai_challenge_2025/batch=L26/profile=autoshot_v1/video_id=L26_V345,328,55.08677387237549,2
processed/keyframes/dataset=ai_challenge_2025/batch=L26/profile=autoshot_v1/video_id=L26_V248,328,54.78155708312988,2
processed/keyframes/dataset=ai_challenge_2025/batch=L26/profile=autoshot_v1/video_id=L26_V258,328,53.45548915863037,2
processed/keyframes/dataset=ai_challenge_2025/batch=L26/profile=autoshot_v1/video_id=L26_V124,328,52.22844982147217,2
processed/keyframes/dataset=ai_challenge_2025/batch=L26/profile=autoshot_v1/video_id=L26_V308,325,58.20189571380615,2
processed/keyframes/dataset=ai_challenge_2025/batch=L26/profile=autoshot_v1/video_id=L26_V032,325,57.737441062927246,2
processed/keyframes/dataset=ai_challenge_2025/batch=L26/profile=autoshot_v1/video_id=L26_V257,325,57.377020835876465,2
processed/keyframes/dataset=ai_challenge_2025/batch=L26/profile=autoshot_v1/video_id=L26_V197,325,57.182708740234375,2
processed/keyframes/dataset=ai_challenge_2025/batch=L26/profile=autoshot_v1/video_id=L26_V240,325,56.98500347137451,2
processed/keyframes/dataset=ai_challenge_2025/batch=L26/profile=autoshot_v1/video_id=L26_V181,325,56.88925647735596,2
processed/keyframes/dataset=ai_challenge_2025/batch=L26/profile=autoshot_v1/video_id=L26_V175,325,56.843308448791504,2
processed/keyframes/dataset=ai_challenge_2025/batch=L26/profile=autoshot_v1/video_id=L26_V278,325,55.85716533660889,2
processed/keyframes/dataset=ai_challenge_2025/batch=L26/profile=autoshot_v1/video_id=L26_V389,325,55.4063720703125,2
processed/keyframes/dataset=ai_challenge_2025/batch=L26/profile=autoshot_v1/video_id=L26_V204,325,54.36035346984863,2
processed/keyframes/dataset=ai_challenge_2025/batch=L26/profile=autoshot_v1/video_id=L26_V216,325,52.95393466949463,2
processed/keyframes/dataset=ai_challenge_2025/batch=L26/profile=autoshot_v1/video_id=L26_V202,325,50.028297424316406,2
processed/keyframes/dataset=ai_challenge_2025/batch=L26/profile=autoshot_v1/video_id=L26_V384,322,60.335777282714844,2
processed/keyframes/dataset=ai_challenge_2025/batch=L26/profile=autoshot_v1/video_id=L26_V395,322,58.397443771362305,2
processed/keyframes/dataset=ai_challenge_2025/batch=L26/profile=autoshot_v1/video_id=L26_V493,322,57.46393394470215,2
processed/keyframes/dataset=ai_challenge_2025/batch=L26/profile=autoshot_v1/video_id=L26_V307,322,56.62571430206299,2
processed/keyframes/dataset=ai_challenge_2025/batch=L26/profile=autoshot_v1/video_id=L26_V311,322,55.773945808410645,2
processed/keyframes/dataset=ai_challenge_2025/batch=L26/profile=autoshot_v1/video_id=L26_V260,322,55.44492244720459,2
processed/keyframes/dataset=ai_challenge_2025/batch=L26/profile=autoshot_v1/video_id=L26_V445,322,55.12553310394287,2
processed/keyframes/dataset=ai_challenge_2025/batch=L26/profile=autoshot_v1/video_id=L26_V465,322,54.81386375427246,2
processed/keyframes/dataset=ai_challenge_2025/batch=L26/profile=autoshot_v1/video_id=L26_V244,322,54.67226505279541,2
processed/keyframes/dataset=ai_challenge_2025/batch=L26/profile=autoshot_v1/video_id=L26_V223,322,54.498053550720215,2
processed/keyframes/dataset=ai_challenge_2025/batch=L26/profile=autoshot_v1/video_id=L26_V300,322,54.172810554504395,2
processed/keyframes/dataset=ai_challenge_2025/batch=L26/profile=autoshot_v1/video_id=L26_V447,322,53.96448040008545,2
processed/keyframes/dataset=ai_challenge_2025/batch=L26/profile=autoshot_v1/video_id=L26_V231,322,52.62020969390869,2
processed/keyframes/dataset=ai_challenge_2025/batch=L26/profile=autoshot_v1/video_id=L26_V355,322,52.30362796783447,2
processed/keyframes/dataset=ai_challenge_2025/batch=L26/profile=autoshot_v1/video_id=L26_V436,322,50.39834785461426,2
processed/keyframes/dataset=ai_challenge_2025/batch=L26/profile=autoshot_v1/video_id=L26_V353,319,57.519493103027344,2
processed/keyframes/dataset=ai_challenge_2025/batch=L26/profile=autoshot_v1/video_id=L26_V294,319,56.777220726013184,2
processed/keyframes/dataset=ai_challenge_2025/batch=L26/profile=autoshot_v1/video_id=L26_V265,319,56.30313777923584,2
processed/keyframes/dataset=ai_challenge_2025/batch=L26/profile=autoshot_v1/video_id=L26_V283,319,54.901309967041016,2
processed/keyframes/dataset=ai_challenge_2025/batch=L26/profile=autoshot_v1/video_id=L26_V390,319,54.827239990234375,2
processed/keyframes/dataset=ai_challenge_2025/batch=L26/profile=autoshot_v1/video_id=L26_V459,319,54.33259677886963,2
processed/keyframes/dataset=ai_challenge_2025/batch=L26/profile=autoshot_v1/video_id=L26_V383,319,54.319411277770996,2
processed/keyframes/dataset=ai_challenge_2025/batch=L26/profile=autoshot_v1/video_id=L26_V301,319,53.627535820007324,2
processed/keyframes/dataset=ai_challenge_2025/batch=L26/profile=autoshot_v1/video_id=L26_V446,319,53.50299835205078,2
processed/keyframes/dataset=ai_challenge_2025/batch=L26/profile=autoshot_v1/video_id=L26_V397,319,52.5741662979126,2
processed/keyframes/dataset=ai_challenge_2025/batch=L26/profile=autoshot_v1/video_id=L26_V113,319,52.17048645019531,2
processed/keyframes/dataset=ai_challenge_2025/batch=L26/profile=autoshot_v1/video_id=L26_V472,319,51.88889217376709,2
processed/keyframes/dataset=ai_challenge_2025/batch=L26/profile=autoshot_v1/video_id=L26_V462,319,51.15550994873047,2
processed/keyframes/dataset=ai_challenge_2025/batch=L26/profile=autoshot_v1/video_id=L26_V449,319,50.91197872161865,2
processed/keyframes/dataset=ai_challenge_2025/batch=L26/profile=autoshot_v1/video_id=L26_V425,319,49.7362117767334,2
processed/keyframes/dataset=ai_challenge_2025/batch=L26/profile=autoshot_v1/video_id=L26_V109,316,60.92159175872803,2
processed/keyframes/dataset=ai_challenge_2025/batch=L26/profile=autoshot_v1/video_id=L26_V263,316,56.92398166656494,2
processed/keyframes/dataset=ai_challenge_2025/batch=L26/profile=autoshot_v1/video_id=L26_V203,316,56.09165287017822,2
processed/keyframes/dataset=ai_challenge_2025/batch=L26/profile=autoshot_v1/video_id=L26_V295,316,55.29921913146973,2
processed/keyframes/dataset=ai_challenge_2025/batch=L26/profile=autoshot_v1/video_id=L26_V211,316,54.891841888427734,2
processed/keyframes/dataset=ai_challenge_2025/batch=L26/profile=autoshot_v1/video_id=L26_V410,316,54.44494342803955,2
processed/keyframes/dataset=ai_challenge_2025/batch=L26/profile=autoshot_v1/video_id=L26_V438,316,54.23540210723877,2
processed/keyframes/dataset=ai_challenge_2025/batch=L26/profile=autoshot_v1/video_id=L26_V264,316,54.203134536743164,2
processed/keyframes/dataset=ai_challenge_2025/batch=L26/profile=autoshot_v1/video_id=L26_V475,316,53.89695930480957,2
processed/keyframes/dataset=ai_challenge_2025/batch=L26/profile=autoshot_v1/video_id=L26_V253,316,53.895833015441895,2
processed/keyframes/dataset=ai_challenge_2025/batch=L26/profile=autoshot_v1/video_id=L26_V367,316,53.65725517272949,2
processed/keyframes/dataset=ai_challenge_2025/batch=L26/profile=autoshot_v1/video_id=L26_V382,316,53.33257579803467,2
processed/keyframes/dataset=ai_challenge_2025/batch=L26/profile=autoshot_v1/video_id=L26_V403,316,53.01293754577637,2
processed/keyframes/dataset=ai_challenge_2025/batch=L26/profile=autoshot_v1/video_id=L26_V323,316,52.750786781311035,2
processed/keyframes/dataset=ai_challenge_2025/batch=L26/profile=autoshot_v1/video_id=L26_V340,316,52.563368797302246,2
processed/keyframes/dataset=ai_challenge_2025/batch=L26/profile=autoshot_v1/video_id=L26_V217,316,52.504852294921875,2
processed/keyframes/dataset=ai_challenge_2025/batch=L26/profile=autoshot_v1/video_id=L26_V394,316,52.01588726043701,2
processed/keyframes/dataset=ai_challenge_2025/batch=L26/profile=autoshot_v1/video_id=L26_V299,316,51.9135856628418,2
processed/keyframes/dataset=ai_challenge_2025/batch=L26/profile=autoshot_v1/video_id=L26_V152,316,51.34308052062988,2
processed/keyframes/dataset=ai_challenge_2025/batch=L26/profile=autoshot_v1/video_id=L26_V373,316,49.7061128616333,2
processed/keyframes/dataset=ai_challenge_2025/batch=L26/profile=autoshot_v1/video_id=L26_V492,316,48.46348857879639,2
processed/keyframes/dataset=ai_challenge_2025/batch=L24/profile=autoshot_v1/video_id=L24_V004,313,74.82455921173096,2
processed/keyframes/dataset=ai_challenge_2025/batch=L26/profile=autoshot_v1/video_id=L26_V379,313,55.60578536987305,2
processed/keyframes/dataset=ai_challenge_2025/batch=L26/profile=autoshot_v1/video_id=L26_V364,313,55.269118309020996,2
processed/keyframes/dataset=ai_challenge_2025/batch=L26/profile=autoshot_v1/video_id=L26_V314,313,55.139655113220215,2
processed/keyframes/dataset=ai_challenge_2025/batch=L26/profile=autoshot_v1/video_id=L26_V151,313,52.833415031433105,2
processed/keyframes/dataset=ai_challenge_2025/batch=L26/profile=autoshot_v1/video_id=L26_V251,313,52.78617763519287,2
processed/keyframes/dataset=ai_challenge_2025/batch=L26/profile=autoshot_v1/video_id=L26_V306,313,51.444366455078125,2
processed/keyframes/dataset=ai_challenge_2025/batch=L26/profile=autoshot_v1/video_id=L26_V200,313,51.3293399810791,2
processed/keyframes/dataset=ai_challenge_2025/batch=L26/profile=autoshot_v1/video_id=L26_V297,313,48.46400833129883,2
processed/keyframes/dataset=ai_challenge_2025/batch=L26/profile=autoshot_v1/video_id=L26_V068,310,57.76763153076172,2
processed/keyframes/dataset=ai_challenge_2025/batch=L26/profile=autoshot_v1/video_id=L26_V134,310,56.104827880859375,2
processed/keyframes/dataset=ai_challenge_2025/batch=L26/profile=autoshot_v1/video_id=L26_V069,310,55.14288330078125,2
processed/keyframes/dataset=ai_challenge_2025/batch=L26/profile=autoshot_v1/video_id=L26_V317,310,54.11957359313965,2
processed/keyframes/dataset=ai_challenge_2025/batch=L26/profile=autoshot_v1/video_id=L26_V235,310,53.91297245025635,2
processed/keyframes/dataset=ai_challenge_2025/batch=L26/profile=autoshot_v1/video_id=L26_V284,310,53.74567794799805,2
processed/keyframes/dataset=ai_challenge_2025/batch=L26/profile=autoshot_v1/video_id=L26_V213,310,53.715134620666504,2
processed/keyframes/dataset=ai_challenge_2025/batch=L26/profile=autoshot_v1/video_id=L26_V452,310,53.61424255371094,2
processed/keyframes/dataset=ai_challenge_2025/batch=L26/profile=autoshot_v1/video_id=L26_V439,310,53.23824882507324,2
processed/keyframes/dataset=ai_challenge_2025/batch=L26/profile=autoshot_v1/video_id=L26_V464,310,52.84318542480469,2
processed/keyframes/dataset=ai_challenge_2025/batch=L26/profile=autoshot_v1/video_id=L26_V334,310,52.50221347808838,2
processed/keyframes/dataset=ai_challenge_2025/batch=L26/profile=autoshot_v1/video_id=L26_V458,310,52.37544250488281,2
processed/keyframes/dataset=ai_challenge_2025/batch=L26/profile=autoshot_v1/video_id=L26_V362,310,51.82581806182861,2
processed/keyframes/dataset=ai_challenge_2025/batch=L26/profile=autoshot_v1/video_id=L26_V371,310,51.53833484649658,2
processed/keyframes/dataset=ai_challenge_2025/batch=L26/profile=autoshot_v1/video_id=L26_V252,310,48.47475814819336,2
processed/keyframes/dataset=ai_challenge_2025/batch=L26/profile=autoshot_v1/video_id=L26_V407,310,48.16267490386963,2
processed/keyframes/dataset=ai_challenge_2025/batch=L26/profile=autoshot_v1/video_id=L26_V133,307,57.1264533996582,2
processed/keyframes/dataset=ai_challenge_2025/batch=L26/profile=autoshot_v1/video_id=L26_V188,307,55.174683570861816,2
processed/keyframes/dataset=ai_challenge_2025/batch=L26/profile=autoshot_v1/video_id=L26_V167,307,54.317155838012695,2
processed/keyframes/dataset=ai_challenge_2025/batch=L26/profile=autoshot_v1/video_id=L26_V192,307,53.9364652633667,2
processed/keyframes/dataset=ai_challenge_2025/batch=L26/profile=autoshot_v1/video_id=L26_V422,307,53.783474922180176,2
processed/keyframes/dataset=ai_challenge_2025/batch=L26/profile=autoshot_v1/video_id=L26_V344,307,53.20154666900635,2
processed/keyframes/dataset=ai_challenge_2025/batch=L26/profile=autoshot_v1/video_id=L26_V360,307,53.14590072631836,2
processed/keyframes/dataset=ai_challenge_2025/batch=L26/profile=autoshot_v1/video_id=L26_V313,307,52.974905014038086,2
processed/keyframes/dataset=ai_challenge_2025/batch=L26/profile=autoshot_v1/video_id=L26_V208,307,52.93334102630615,2
processed/keyframes/dataset=ai_challenge_2025/batch=L26/profile=autoshot_v1/video_id=L26_V230,307,52.54422473907471,2
processed/keyframes/dataset=ai_challenge_2025/batch=L26/profile=autoshot_v1/video_id=L26_V380,307,52.40650749206543,2
processed/keyframes/dataset=ai_challenge_2025/batch=L26/profile=autoshot_v1/video_id=L26_V147,307,51.09915351867676,2
processed/keyframes/dataset=ai_challenge_2025/batch=L26/profile=autoshot_v1/video_id=L26_V273,307,49.15018081665039,2
processed/keyframes/dataset=ai_challenge_2025/batch=L26/profile=autoshot_v1/video_id=L26_V279,307,47.102195739746094,2
processed/keyframes/dataset=ai_challenge_2025/batch=L26/profile=autoshot_v1/video_id=L26_V013,304,55.77521324157715,2
processed/keyframes/dataset=ai_challenge_2025/batch=L26/profile=autoshot_v1/video_id=L26_V293,304,54.29663944244385,2
processed/keyframes/dataset=ai_challenge_2025/batch=L26/profile=autoshot_v1/video_id=L26_V146,304,53.39723014831543,2
processed/keyframes/dataset=ai_challenge_2025/batch=L26/profile=autoshot_v1/video_id=L26_V426,304,52.48274803161621,2
processed/keyframes/dataset=ai_challenge_2025/batch=L26/profile=autoshot_v1/video_id=L26_V170,304,52.319488525390625,2
processed/keyframes/dataset=ai_challenge_2025/batch=L26/profile=autoshot_v1/video_id=L26_V148,304,52.04758834838867,2
processed/keyframes/dataset=ai_challenge_2025/batch=L26/profile=autoshot_v1/video_id=L26_V225,304,51.92971134185791,2
processed/keyframes/dataset=ai_challenge_2025/batch=L26/profile=autoshot_v1/video_id=L26_V305,304,51.768754959106445,2
processed/keyframes/dataset=ai_challenge_2025/batch=L26/profile=autoshot_v1/video_id=L26_V201,304,51.29857635498047,2
processed/keyframes/dataset=ai_challenge_2025/batch=L26/profile=autoshot_v1/video_id=L26_V325,304,51.274909019470215,2
processed/keyframes/dataset=ai_challenge_2025/batch=L26/profile=autoshot_v1/video_id=L26_V359,304,51.149964332580566,2
processed/keyframes/dataset=ai_challenge_2025/batch=L26/profile=autoshot_v1/video_id=L26_V206,304,50.91957759857178,2
processed/keyframes/dataset=ai_challenge_2025/batch=L26/profile=autoshot_v1/video_id=L26_V245,304,50.41494178771973,2
processed/keyframes/dataset=ai_challenge_2025/batch=L26/profile=autoshot_v1/video_id=L26_V237,304,50.3704252243042,2
processed/keyframes/dataset=ai_challenge_2025/batch=L26/profile=autoshot_v1/video_id=L26_V194,304,50.36714744567871,2
processed/keyframes/dataset=ai_challenge_2025/batch=L26/profile=autoshot_v1/video_id=L26_V122,304,49.73426532745361,2
processed/keyframes/dataset=ai_challenge_2025/batch=L26/profile=autoshot_v1/video_id=L26_V427,304,49.267852783203125,2
processed/keyframes/dataset=ai_challenge_2025/batch=L26/profile=autoshot_v1/video_id=L26_V387,304,49.18792724609375,2
processed/keyframes/dataset=ai_challenge_2025/batch=L26/profile=autoshot_v1/video_id=L26_V139,301,55.450653076171875,2
processed/keyframes/dataset=ai_challenge_2025/batch=L26/profile=autoshot_v1/video_id=L26_V037,301,54.66761875152588,2
processed/keyframes/dataset=ai_challenge_2025/batch=L26/profile=autoshot_v1/video_id=L26_V193,301,53.83021259307861,2
processed/keyframes/dataset=ai_challenge_2025/batch=L26/profile=autoshot_v1/video_id=L26_V233,301,52.40507793426514,2
processed/keyframes/dataset=ai_challenge_2025/batch=L26/profile=autoshot_v1/video_id=L26_V075,301,52.32764434814453,2
processed/keyframes/dataset=ai_challenge_2025/batch=L26/profile=autoshot_v1/video_id=L26_V322,301,51.87033176422119,2
processed/keyframes/dataset=ai_challenge_2025/batch=L26/profile=autoshot_v1/video_id=L26_V093,301,51.8259801864624,2
processed/keyframes/dataset=ai_challenge_2025/batch=L26/profile=autoshot_v1/video_id=L26_V494,301,51.249629974365234,2
processed/keyframes/dataset=ai_challenge_2025/batch=L26/profile=autoshot_v1/video_id=L26_V457,301,51.12714767456055,2
processed/keyframes/dataset=ai_challenge_2025/batch=L26/profile=autoshot_v1/video_id=L26_V288,301,51.05152130126953,2
processed/keyframes/dataset=ai_challenge_2025/batch=L26/profile=autoshot_v1/video_id=L26_V215,301,50.81239032745361,2
processed/keyframes/dataset=ai_challenge_2025/batch=L26/profile=autoshot_v1/video_id=L26_V112,301,50.402838706970215,2
processed/keyframes/dataset=ai_challenge_2025/batch=L26/profile=autoshot_v1/video_id=L26_V332,301,50.27066230773926,2
processed/keyframes/dataset=ai_challenge_2025/batch=L26/profile=autoshot_v1/video_id=L26_V246,301,50.12196445465088,2
processed/keyframes/dataset=ai_challenge_2025/batch=L26/profile=autoshot_v1/video_id=L26_V207,301,49.69983959197998,2
processed/keyframes/dataset=ai_challenge_2025/batch=L26/profile=autoshot_v1/video_id=L26_V280,301,49.6816349029541,2
processed/keyframes/dataset=ai_challenge_2025/batch=L26/profile=autoshot_v1/video_id=L26_V392,298,54.72677993774414,2
processed/keyframes/dataset=ai_challenge_2025/batch=L26/profile=autoshot_v1/video_id=L26_V219,298,51.549251556396484,2
processed/keyframes/dataset=ai_challenge_2025/batch=L26/profile=autoshot_v1/video_id=L26_V083,298,50.589694023132324,2
processed/keyframes/dataset=ai_challenge_2025/batch=L26/profile=autoshot_v1/video_id=L26_V421,298,49.87431716918945,2
processed/keyframes/dataset=ai_challenge_2025/batch=L26/profile=autoshot_v1/video_id=L26_V304,298,49.87343215942383,2
processed/keyframes/dataset=ai_challenge_2025/batch=L26/profile=autoshot_v1/video_id=L26_V310,298,49.639896392822266,2
processed/keyframes/dataset=ai_challenge_2025/batch=L26/profile=autoshot_v1/video_id=L26_V142,298,47.15788459777832,2
processed/keyframes/dataset=ai_challenge_2025/batch=L26/profile=autoshot_v1/video_id=L26_V072,295,55.774606704711914,2
processed/keyframes/dataset=ai_challenge_2025/batch=L26/profile=autoshot_v1/video_id=L26_V082,295,54.871707916259766,2
processed/keyframes/dataset=ai_challenge_2025/batch=L26/profile=autoshot_v1/video_id=L26_V036,295,53.846954345703125,2
processed/keyframes/dataset=ai_challenge_2025/batch=L26/profile=autoshot_v1/video_id=L26_V016,295,53.789106369018555,2
processed/keyframes/dataset=ai_challenge_2025/batch=L26/profile=autoshot_v1/video_id=L26_V074,295,53.344727516174316,2
processed/keyframes/dataset=ai_challenge_2025/batch=L26/profile=autoshot_v1/video_id=L26_V168,295,52.89551544189453,2
processed/keyframes/dataset=ai_challenge_2025/batch=L26/profile=autoshot_v1/video_id=L26_V116,295,52.39423084259033,2
processed/keyframes/dataset=ai_challenge_2025/batch=L26/profile=autoshot_v1/video_id=L26_V095,295,52.14927959442139,2
processed/keyframes/dataset=ai_challenge_2025/batch=L26/profile=autoshot_v1/video_id=L26_V222,295,51.88931655883789,2
processed/keyframes/dataset=ai_challenge_2025/batch=L26/profile=autoshot_v1/video_id=L26_V187,295,51.016441345214844,2
processed/keyframes/dataset=ai_challenge_2025/batch=L26/profile=autoshot_v1/video_id=L26_V454,295,50.78515338897705,2
processed/keyframes/dataset=ai_challenge_2025/batch=L26/profile=autoshot_v1/video_id=L26_V467,295,50.29394817352295,2
processed/keyframes/dataset=ai_challenge_2025/batch=L26/profile=autoshot_v1/video_id=L26_V451,295,49.91965961456299,2
processed/keyframes/dataset=ai_challenge_2025/batch=L26/profile=autoshot_v1/video_id=L26_V411,295,49.80731391906738,2
processed/keyframes/dataset=ai_challenge_2025/batch=L26/profile=autoshot_v1/video_id=L26_V115,295,49.575822830200195,2
processed/keyframes/dataset=ai_challenge_2025/batch=L26/profile=autoshot_v1/video_id=L26_V157,295,48.84859848022461,2
processed/keyframes/dataset=ai_challenge_2025/batch=L26/profile=autoshot_v1/video_id=L26_V191,295,48.23596000671387,2
processed/keyframes/dataset=ai_challenge_2025/batch=L26/profile=autoshot_v1/video_id=L26_V331,295,48.226478576660156,2
processed/keyframes/dataset=ai_challenge_2025/batch=L26/profile=autoshot_v1/video_id=L26_V190,295,47.22294902801514,2
processed/keyframes/dataset=ai_challenge_2025/batch=L26/profile=autoshot_v1/video_id=L26_V035,292,53.931907653808594,2
processed/keyframes/dataset=ai_challenge_2025/batch=L26/profile=autoshot_v1/video_id=L26_V282,292,52.725393295288086,2
processed/keyframes/dataset=ai_challenge_2025/batch=L26/profile=autoshot_v1/video_id=L26_V156,292,52.36488151550293,2
processed/keyframes/dataset=ai_challenge_2025/batch=L26/profile=autoshot_v1/video_id=L26_V155,292,51.53757858276367,2
processed/keyframes/dataset=ai_challenge_2025/batch=L26/profile=autoshot_v1/video_id=L26_V319,292,51.174105644226074,2
processed/keyframes/dataset=ai_challenge_2025/batch=L26/profile=autoshot_v1/video_id=L26_V123,292,50.828025817871094,2
processed/keyframes/dataset=ai_challenge_2025/batch=L26/profile=autoshot_v1/video_id=L26_V161,292,50.77598857879639,2
processed/keyframes/dataset=ai_challenge_2025/batch=L26/profile=autoshot_v1/video_id=L26_V474,292,50.403076171875,2
processed/keyframes/dataset=ai_challenge_2025/batch=L26/profile=autoshot_v1/video_id=L26_V184,292,50.10847282409668,2
processed/keyframes/dataset=ai_challenge_2025/batch=L26/profile=autoshot_v1/video_id=L26_V176,292,49.810044288635254,2
processed/keyframes/dataset=ai_challenge_2025/batch=L26/profile=autoshot_v1/video_id=L26_V088,292,49.53595447540283,2
processed/keyframes/dataset=ai_challenge_2025/batch=L26/profile=autoshot_v1/video_id=L26_V096,292,49.52636432647705,2
processed/keyframes/dataset=ai_challenge_2025/batch=L26/profile=autoshot_v1/video_id=L26_V136,292,49.04920196533203,2
processed/keyframes/dataset=ai_challenge_2025/batch=L26/profile=autoshot_v1/video_id=L26_V108,292,48.720723152160645,2
processed/keyframes/dataset=ai_challenge_2025/batch=L26/profile=autoshot_v1/video_id=L26_V463,292,47.89823055267334,2
processed/keyframes/dataset=ai_challenge_2025/batch=L26/profile=autoshot_v1/video_id=L26_V460,292,44.15964221954346,2
processed/keyframes/dataset=ai_challenge_2025/batch=L26/profile=autoshot_v1/video_id=L26_V402,289,53.8917179107666,2
processed/keyframes/dataset=ai_challenge_2025/batch=L26/profile=autoshot_v1/video_id=L26_V070,289,52.28999328613281,2
processed/keyframes/dataset=ai_challenge_2025/batch=L26/profile=autoshot_v1/video_id=L26_V034,289,51.94682598114014,2
processed/keyframes/dataset=ai_challenge_2025/batch=L26/profile=autoshot_v1/video_id=L26_V315,289,51.64856815338135,2
processed/keyframes/dataset=ai_challenge_2025/batch=L26/profile=autoshot_v1/video_id=L26_V141,289,51.18150520324707,2
processed/keyframes/dataset=ai_challenge_2025/batch=L26/profile=autoshot_v1/video_id=L26_V077,289,50.67428493499756,2
processed/keyframes/dataset=ai_challenge_2025/batch=L26/profile=autoshot_v1/video_id=L26_V050,289,50.0863094329834,2
processed/keyframes/dataset=ai_challenge_2025/batch=L26/profile=autoshot_v1/video_id=L26_V110,289,49.927144050598145,2
processed/keyframes/dataset=ai_challenge_2025/batch=L26/profile=autoshot_v1/video_id=L26_V415,289,48.82465648651123,2
processed/keyframes/dataset=ai_challenge_2025/batch=L26/profile=autoshot_v1/video_id=L26_V424,289,48.11921501159668,2
processed/keyframes/dataset=ai_challenge_2025/batch=L26/profile=autoshot_v1/video_id=L26_V012,286,55.06569576263428,2
processed/keyframes/dataset=ai_challenge_2025/batch=L26/profile=autoshot_v1/video_id=L26_V065,286,52.79974555969238,2
processed/keyframes/dataset=ai_challenge_2025/batch=L26/profile=autoshot_v1/video_id=L26_V101,286,52.300039291381836,2
processed/keyframes/dataset=ai_challenge_2025/batch=L26/profile=autoshot_v1/video_id=L26_V444,286,50.591803550720215,2
processed/keyframes/dataset=ai_challenge_2025/batch=L26/profile=autoshot_v1/video_id=L26_V135,286,50.250685691833496,2
processed/keyframes/dataset=ai_challenge_2025/batch=L26/profile=autoshot_v1/video_id=L26_V119,286,50.18238162994385,2
processed/keyframes/dataset=ai_challenge_2025/batch=L26/profile=autoshot_v1/video_id=L26_V159,286,49.340152740478516,2
processed/keyframes/dataset=ai_challenge_2025/batch=L26/profile=autoshot_v1/video_id=L26_V189,286,49.18151569366455,2
processed/keyframes/dataset=ai_challenge_2025/batch=L26/profile=autoshot_v1/video_id=L26_V084,286,49.17730712890625,2
processed/keyframes/dataset=ai_challenge_2025/batch=L26/profile=autoshot_v1/video_id=L26_V473,286,48.5328426361084,2
processed/keyframes/dataset=ai_challenge_2025/batch=L26/profile=autoshot_v1/video_id=L26_V128,286,48.40997123718262,2
processed/keyframes/dataset=ai_challenge_2025/batch=L26/profile=autoshot_v1/video_id=L26_V376,286,47.89535903930664,2
processed/keyframes/dataset=ai_challenge_2025/batch=L26/profile=autoshot_v1/video_id=L26_V369,286,46.27559185028076,2
processed/keyframes/dataset=ai_challenge_2025/batch=L26/profile=autoshot_v1/video_id=L26_V419,286,45.52638626098633,2
processed/keyframes/dataset=ai_challenge_2025/batch=L24/profile=autoshot_v1/video_id=L24_V002,283,69.77473735809326,2
processed/keyframes/dataset=ai_challenge_2025/batch=L24/profile=autoshot_v1/video_id=L24_V003,283,63.46455192565918,2
processed/keyframes/dataset=ai_challenge_2025/batch=L26/profile=autoshot_v1/video_id=L26_V021,283,52.88020324707031,2
processed/keyframes/dataset=ai_challenge_2025/batch=L26/profile=autoshot_v1/video_id=L26_V055,283,52.78723907470703,2
processed/keyframes/dataset=ai_challenge_2025/batch=L26/profile=autoshot_v1/video_id=L26_V076,283,52.50831317901611,2
processed/keyframes/dataset=ai_challenge_2025/batch=L26/profile=autoshot_v1/video_id=L26_V238,283,51.04613780975342,2
processed/keyframes/dataset=ai_challenge_2025/batch=L26/profile=autoshot_v1/video_id=L26_V143,283,49.64486312866211,2
processed/keyframes/dataset=ai_challenge_2025/batch=L26/profile=autoshot_v1/video_id=L26_V236,283,49.62167549133301,2
processed/keyframes/dataset=ai_challenge_2025/batch=L26/profile=autoshot_v1/video_id=L26_V352,283,48.50148105621338,2
processed/keyframes/dataset=ai_challenge_2025/batch=L26/profile=autoshot_v1/video_id=L26_V228,283,48.303452491760254,2
processed/keyframes/dataset=ai_challenge_2025/batch=L26/profile=autoshot_v1/video_id=L26_V066,283,47.74612331390381,2
processed/keyframes/dataset=ai_challenge_2025/batch=L26/profile=autoshot_v1/video_id=L26_V103,283,47.342430114746094,2
processed/keyframes/dataset=ai_challenge_2025/batch=L26/profile=autoshot_v1/video_id=L26_V114,283,45.92972373962402,2
processed/keyframes/dataset=ai_challenge_2025/batch=L26/profile=autoshot_v1/video_id=L26_V033,280,52.13339805603027,2
processed/keyframes/dataset=ai_challenge_2025/batch=L26/profile=autoshot_v1/video_id=L26_V111,280,50.196356773376465,2
processed/keyframes/dataset=ai_challenge_2025/batch=L26/profile=autoshot_v1/video_id=L26_V127,280,50.12361526489258,2
processed/keyframes/dataset=ai_challenge_2025/batch=L26/profile=autoshot_v1/video_id=L26_V105,280,49.77977657318115,2
processed/keyframes/dataset=ai_challenge_2025/batch=L26/profile=autoshot_v1/video_id=L26_V092,280,49.469679832458496,2
processed/keyframes/dataset=ai_challenge_2025/batch=L26/profile=autoshot_v1/video_id=L26_V046,280,48.589287757873535,2
processed/keyframes/dataset=ai_challenge_2025/batch=L26/profile=autoshot_v1/video_id=L26_V145,280,48.1828088760376,2
processed/keyframes/dataset=ai_challenge_2025/batch=L26/profile=autoshot_v1/video_id=L26_V097,280,47.95278453826904,2
processed/keyframes/dataset=ai_challenge_2025/batch=L26/profile=autoshot_v1/video_id=L26_V078,280,47.67588233947754,2
processed/keyframes/dataset=ai_challenge_2025/batch=L26/profile=autoshot_v1/video_id=L26_V014,277,49.177916526794434,2
processed/keyframes/dataset=ai_challenge_2025/batch=L26/profile=autoshot_v1/video_id=L26_V061,277,49.142937660217285,2
processed/keyframes/dataset=ai_challenge_2025/batch=L26/profile=autoshot_v1/video_id=L26_V091,277,48.45093822479248,2
processed/keyframes/dataset=ai_challenge_2025/batch=L26/profile=autoshot_v1/video_id=L26_V062,277,47.72988319396973,2
processed/keyframes/dataset=ai_challenge_2025/batch=L26/profile=autoshot_v1/video_id=L26_V104,277,47.706475257873535,2
processed/keyframes/dataset=ai_challenge_2025/batch=L26/profile=autoshot_v1/video_id=L26_V125,277,46.78062057495117,2
processed/keyframes/dataset=ai_challenge_2025/batch=L26/profile=autoshot_v1/video_id=L26_V153,277,46.47671413421631,2
processed/keyframes/dataset=ai_challenge_2025/batch=L26/profile=autoshot_v1/video_id=L26_V309,277,45.31798839569092,2
processed/keyframes/dataset=ai_challenge_2025/batch=L26/profile=autoshot_v1/video_id=L26_V102,277,43.82120895385742,2
processed/keyframes/dataset=ai_challenge_2025/batch=L26/profile=autoshot_v1/video_id=L26_V138,274,48.8901481628418,2
processed/keyframes/dataset=ai_challenge_2025/batch=L26/profile=autoshot_v1/video_id=L26_V045,274,46.77747344970703,2
processed/keyframes/dataset=ai_challenge_2025/batch=L26/profile=autoshot_v1/video_id=L26_V289,274,45.9868106842041,2
processed/keyframes/dataset=ai_challenge_2025/batch=L26/profile=autoshot_v1/video_id=L26_V413,274,45.754302978515625,2
processed/keyframes/dataset=ai_challenge_2025/batch=L26/profile=autoshot_v1/video_id=L26_V008,271,51.38555908203125,2
processed/keyframes/dataset=ai_challenge_2025/batch=L26/profile=autoshot_v1/video_id=L26_V040,271,50.10887336730957,2
processed/keyframes/dataset=ai_challenge_2025/batch=L26/profile=autoshot_v1/video_id=L26_V423,271,48.89156150817871,2
processed/keyframes/dataset=ai_challenge_2025/batch=L26/profile=autoshot_v1/video_id=L26_V140,271,48.72305965423584,2
processed/keyframes/dataset=ai_challenge_2025/batch=L26/profile=autoshot_v1/video_id=L26_V073,271,48.30077648162842,2
processed/keyframes/dataset=ai_challenge_2025/batch=L26/profile=autoshot_v1/video_id=L26_V041,271,46.34670925140381,2
processed/keyframes/dataset=ai_challenge_2025/batch=L26/profile=autoshot_v1/video_id=L26_V120,271,46.23243808746338,2
processed/keyframes/dataset=ai_challenge_2025/batch=L26/profile=autoshot_v1/video_id=L26_V118,268,48.483458518981934,2
processed/keyframes/dataset=ai_challenge_2025/batch=L26/profile=autoshot_v1/video_id=L26_V052,268,46.511362075805664,2
processed/keyframes/dataset=ai_challenge_2025/batch=L26/profile=autoshot_v1/video_id=L26_V080,268,46.409040451049805,2
processed/keyframes/dataset=ai_challenge_2025/batch=L26/profile=autoshot_v1/video_id=L26_V085,268,46.08555030822754,2
processed/keyframes/dataset=ai_challenge_2025/batch=L26/profile=autoshot_v1/video_id=L26_V024,268,45.721299171447754,2
processed/keyframes/dataset=ai_challenge_2025/batch=L26/profile=autoshot_v1/video_id=L26_V056,268,44.573079109191895,2
processed/keyframes/dataset=ai_challenge_2025/batch=L26/profile=autoshot_v1/video_id=L26_V137,265,47.828125,2
processed/keyframes/dataset=ai_challenge_2025/batch=L26/profile=autoshot_v1/video_id=L26_V049,265,47.77649784088135,2
processed/keyframes/dataset=ai_challenge_2025/batch=L26/profile=autoshot_v1/video_id=L26_V027,265,47.37832546234131,2
processed/keyframes/dataset=ai_challenge_2025/batch=L26/profile=autoshot_v1/video_id=L26_V132,265,46.13376998901367,2
processed/keyframes/dataset=ai_challenge_2025/batch=L26/profile=autoshot_v1/video_id=L26_V357,265,45.00399303436279,2
processed/keyframes/dataset=ai_challenge_2025/batch=L26/profile=autoshot_v1/video_id=L26_V079,265,44.66254425048828,2
processed/keyframes/dataset=ai_challenge_2025/batch=L26/profile=autoshot_v1/video_id=L26_V044,265,44.34641456604004,2
processed/keyframes/dataset=ai_challenge_2025/batch=L26/profile=autoshot_v1/video_id=L26_V144,265,43.42774486541748,2
processed/keyframes/dataset=ai_challenge_2025/batch=L30/profile=autoshot_v1/video_id=L30_V052,265,37.7065954208374,2
processed/keyframes/dataset=ai_challenge_2025/batch=L26/profile=autoshot_v1/video_id=L26_V126,262,49.08727169036865,2
processed/keyframes/dataset=ai_challenge_2025/batch=L26/profile=autoshot_v1/video_id=L26_V031,262,48.31179237365723,2
processed/keyframes/dataset=ai_challenge_2025/batch=L26/profile=autoshot_v1/video_id=L26_V087,262,47.99658679962158,2
processed/keyframes/dataset=ai_challenge_2025/batch=L26/profile=autoshot_v1/video_id=L26_V121,262,47.77804088592529,2
processed/keyframes/dataset=ai_challenge_2025/batch=L26/profile=autoshot_v1/video_id=L26_V163,262,46.72910690307617,2
processed/keyframes/dataset=ai_challenge_2025/batch=L26/profile=autoshot_v1/video_id=L26_V089,262,46.45775890350342,2
processed/keyframes/dataset=ai_challenge_2025/batch=L26/profile=autoshot_v1/video_id=L26_V154,262,45.88198375701904,2
processed/keyframes/dataset=ai_challenge_2025/batch=L30/profile=autoshot_v1/video_id=L30_V012,259,57.80723857879639,2
processed/keyframes/dataset=ai_challenge_2025/batch=L26/profile=autoshot_v1/video_id=L26_V042,259,48.58047962188721,2
processed/keyframes/dataset=ai_challenge_2025/batch=L26/profile=autoshot_v1/video_id=L26_V131,259,47.588518142700195,2
processed/keyframes/dataset=ai_challenge_2025/batch=L26/profile=autoshot_v1/video_id=L26_V107,259,47.43805503845215,2
processed/keyframes/dataset=ai_challenge_2025/batch=L26/profile=autoshot_v1/video_id=L26_V221,259,45.52065181732178,2
processed/keyframes/dataset=ai_challenge_2025/batch=L26/profile=autoshot_v1/video_id=L26_V054,259,45.4190788269043,2
processed/keyframes/dataset=ai_challenge_2025/batch=L26/profile=autoshot_v1/video_id=L26_V071,259,44.85353946685791,2
processed/keyframes/dataset=ai_challenge_2025/batch=L26/profile=autoshot_v1/video_id=L26_V117,259,43.94532775878906,2
processed/keyframes/dataset=ai_challenge_2025/batch=L26/profile=autoshot_v1/video_id=L26_V149,259,42.41405200958252,2
processed/keyframes/dataset=ai_challenge_2025/batch=L26/profile=autoshot_v1/video_id=L26_V067,259,41.27792167663574,2
processed/keyframes/dataset=ai_challenge_2025/batch=L26/profile=autoshot_v1/video_id=L26_V058,259,40.69736671447754,2
processed/keyframes/dataset=ai_challenge_2025/batch=L24/profile=autoshot_v1/video_id=L24_V043,256,73.89391136169434,2
processed/keyframes/dataset=ai_challenge_2025/batch=L26/profile=autoshot_v1/video_id=L26_V020,256,49.87658977508545,2
processed/keyframes/dataset=ai_challenge_2025/batch=L26/profile=autoshot_v1/video_id=L26_V160,256,46.49262619018555,2
processed/keyframes/dataset=ai_challenge_2025/batch=L26/profile=autoshot_v1/video_id=L26_V287,256,44.84926700592041,2
processed/keyframes/dataset=ai_challenge_2025/batch=L26/profile=autoshot_v1/video_id=L26_V129,256,44.490379333496094,2
processed/keyframes/dataset=ai_challenge_2025/batch=L26/profile=autoshot_v1/video_id=L26_V158,256,44.44774913787842,2
processed/keyframes/dataset=ai_challenge_2025/batch=L26/profile=autoshot_v1/video_id=L26_V166,256,44.10840606689453,2
processed/keyframes/dataset=ai_challenge_2025/batch=L26/profile=autoshot_v1/video_id=L26_V025,253,47.49384880065918,2
processed/keyframes/dataset=ai_challenge_2025/batch=L26/profile=autoshot_v1/video_id=L26_V099,253,47.386789321899414,2
processed/keyframes/dataset=ai_challenge_2025/batch=L26/profile=autoshot_v1/video_id=L26_V043,253,46.6378173828125,2
processed/keyframes/dataset=ai_challenge_2025/batch=L26/profile=autoshot_v1/video_id=L26_V165,253,44.53893184661865,2
processed/keyframes/dataset=ai_challenge_2025/batch=L26/profile=autoshot_v1/video_id=L26_V047,253,44.29338264465332,2
processed/keyframes/dataset=ai_challenge_2025/batch=L26/profile=autoshot_v1/video_id=L26_V094,253,44.10876655578613,2
processed/keyframes/dataset=ai_challenge_2025/batch=L26/profile=autoshot_v1/video_id=L26_V048,253,42.07120227813721,2
processed/keyframes/dataset=ai_challenge_2025/batch=L26/profile=autoshot_v1/video_id=L26_V182,253,38.9461030960083,2
processed/keyframes/dataset=ai_challenge_2025/batch=L23/profile=autoshot_v1/video_id=L23_V025,250,65.16044902801514,2
processed/keyframes/dataset=ai_challenge_2025/batch=L26/profile=autoshot_v1/video_id=L26_V005,250,45.39641761779785,2
processed/keyframes/dataset=ai_challenge_2025/batch=L26/profile=autoshot_v1/video_id=L26_V038,250,44.66396617889404,2
processed/keyframes/dataset=ai_challenge_2025/batch=L26/profile=autoshot_v1/video_id=L26_V100,250,44.303996086120605,2
processed/keyframes/dataset=ai_challenge_2025/batch=L26/profile=autoshot_v1/video_id=L26_V059,250,43.05136775970459,2
processed/keyframes/dataset=ai_challenge_2025/batch=L26/profile=autoshot_v1/video_id=L26_V063,250,42.03843116760254,2
processed/keyframes/dataset=ai_challenge_2025/batch=L26/profile=autoshot_v1/video_id=L26_V081,250,41.09920597076416,2
processed/keyframes/dataset=ai_challenge_2025/batch=L26/profile=autoshot_v1/video_id=L26_V022,247,45.67454814910889,2
processed/keyframes/dataset=ai_challenge_2025/batch=L26/profile=autoshot_v1/video_id=L26_V009,247,45.58376216888428,2
processed/keyframes/dataset=ai_challenge_2025/batch=L26/profile=autoshot_v1/video_id=L26_V162,247,43.78374481201172,2
processed/keyframes/dataset=ai_challenge_2025/batch=L26/profile=autoshot_v1/video_id=L26_V029,247,43.72984313964844,2
processed/keyframes/dataset=ai_challenge_2025/batch=L26/profile=autoshot_v1/video_id=L26_V018,247,41.131890296936035,2
processed/keyframes/dataset=ai_challenge_2025/batch=L26/profile=autoshot_v1/video_id=L26_V196,247,40.80846977233887,2
processed/keyframes/dataset=ai_challenge_2025/batch=L26/profile=autoshot_v1/video_id=L26_V017,244,45.25712776184082,2
processed/keyframes/dataset=ai_challenge_2025/batch=L26/profile=autoshot_v1/video_id=L26_V028,244,44.624929428100586,2
processed/keyframes/dataset=ai_challenge_2025/batch=L26/profile=autoshot_v1/video_id=L26_V106,244,43.8563756942749,2
processed/keyframes/dataset=ai_challenge_2025/batch=L26/profile=autoshot_v1/video_id=L26_V363,244,40.78017711639404,2
processed/keyframes/dataset=ai_challenge_2025/batch=L26/profile=autoshot_v1/video_id=L26_V064,244,40.501686096191406,2
processed/keyframes/dataset=ai_challenge_2025/batch=L24/profile=autoshot_v1/video_id=L24_V011,241,70.30953979492188,2
processed/keyframes/dataset=ai_challenge_2025/batch=L26/profile=autoshot_v1/video_id=L26_V019,241,43.929871559143066,2
processed/keyframes/dataset=ai_challenge_2025/batch=L26/profile=autoshot_v1/video_id=L26_V057,241,42.86387252807617,2
processed/keyframes/dataset=ai_challenge_2025/batch=L26/profile=autoshot_v1/video_id=L26_V030,241,42.31637477874756,2
processed/keyframes/dataset=ai_challenge_2025/batch=L26/profile=autoshot_v1/video_id=L26_V130,241,41.36621856689453,2
processed/keyframes/dataset=ai_challenge_2025/batch=L26/profile=autoshot_v1/video_id=L26_V164,241,41.13026142120361,2
processed/keyframes/dataset=ai_challenge_2025/batch=L26/profile=autoshot_v1/video_id=L26_V007,238,45.00141716003418,2
processed/keyframes/dataset=ai_challenge_2025/batch=L26/profile=autoshot_v1/video_id=L26_V051,238,43.83710861206055,2
processed/keyframes/dataset=ai_challenge_2025/batch=L26/profile=autoshot_v1/video_id=L26_V003,238,41.240966796875,2
processed/keyframes/dataset=ai_challenge_2025/batch=L26/profile=autoshot_v1/video_id=L26_V098,238,39.43675231933594,2
processed/keyframes/dataset=ai_challenge_2025/batch=L30/profile=autoshot_v1/video_id=L30_V037,238,38.05012607574463,2
processed/keyframes/dataset=ai_challenge_2025/batch=L30/profile=autoshot_v1/video_id=L30_V056,235,52.00117301940918,2
processed/keyframes/dataset=ai_challenge_2025/batch=L26/profile=autoshot_v1/video_id=L26_V004,235,41.318538665771484,2
processed/keyframes/dataset=ai_challenge_2025/batch=L26/profile=autoshot_v1/video_id=L26_V053,235,38.79831600189209,2
processed/keyframes/dataset=ai_challenge_2025/batch=L26/profile=autoshot_v1/video_id=L26_V090,235,37.18619155883789,2
processed/keyframes/dataset=ai_challenge_2025/batch=L30/profile=autoshot_v1/video_id=L30_V095,235,36.97339630126953,2
processed/keyframes/dataset=ai_challenge_2025/batch=L30/profile=autoshot_v1/video_id=L30_V033,232,59.03759765625,2
processed/keyframes/dataset=ai_challenge_2025/batch=L30/profile=autoshot_v1/video_id=L30_V064,232,50.67146396636963,2
processed/keyframes/dataset=ai_challenge_2025/batch=L26/profile=autoshot_v1/video_id=L26_V001,232,43.65497875213623,2
processed/keyframes/dataset=ai_challenge_2025/batch=L26/profile=autoshot_v1/video_id=L26_V023,232,42.673842430114746,2
processed/keyframes/dataset=ai_challenge_2025/batch=L26/profile=autoshot_v1/video_id=L26_V060,232,42.35481834411621,2
processed/keyframes/dataset=ai_challenge_2025/batch=L26/profile=autoshot_v1/video_id=L26_V006,229,48.18597602844238,2
processed/keyframes/dataset=ai_challenge_2025/batch=L30/profile=autoshot_v1/video_id=L30_V029,229,41.299612045288086,2
processed/keyframes/dataset=ai_challenge_2025/batch=L26/profile=autoshot_v1/video_id=L26_V086,229,40.054965019226074,2
processed/keyframes/dataset=ai_challenge_2025/batch=L26/profile=autoshot_v1/video_id=L26_V002,226,40.185933113098145,2
processed/keyframes/dataset=ai_challenge_2025/batch=L26/profile=autoshot_v1/video_id=L26_V026,220,40.604798316955566,2
processed/keyframes/dataset=ai_challenge_2025/batch=L30/profile=autoshot_v1/video_id=L30_V045,220,40.39865970611572,2
processed/keyframes/dataset=ai_challenge_2025/batch=L24/profile=autoshot_v1/video_id=L24_V042,217,59.61013889312744,2
processed/keyframes/dataset=ai_challenge_2025/batch=L24/profile=autoshot_v1/video_id=L24_V032,217,51.36575126647949,2
processed/keyframes/dataset=ai_challenge_2025/batch=L24/profile=autoshot_v1/video_id=L24_V018,217,51.29204082489014,2
processed/keyframes/dataset=ai_challenge_2025/batch=L26/profile=autoshot_v1/video_id=L26_V011,217,40.40978145599365,2
processed/keyframes/dataset=ai_challenge_2025/batch=L24/profile=autoshot_v1/video_id=L24_V031,214,47.32930278778076,2
processed/keyframes/dataset=ai_challenge_2025/batch=L24/profile=autoshot_v1/video_id=L24_V028,214,45.29850101470947,2
processed/keyframes/dataset=ai_challenge_2025/batch=L26/profile=autoshot_v1/video_id=L26_V010,214,39.01994037628174,2
processed/keyframes/dataset=ai_challenge_2025/batch=L26/profile=autoshot_v1/video_id=L26_V150,214,35.874399185180664,2
processed/keyframes/dataset=ai_challenge_2025/batch=L24/profile=autoshot_v1/video_id=L24_V015,211,49.920663833618164,2
processed/keyframes/dataset=ai_challenge_2025/batch=L30/profile=autoshot_v1/video_id=L30_V062,205,37.4780969619751,2
processed/keyframes/dataset=ai_challenge_2025/batch=L30/profile=autoshot_v1/video_id=L30_V028,199,50.00391483306885,2
processed/keyframes/dataset=ai_challenge_2025/batch=L30/profile=autoshot_v1/video_id=L30_V030,199,30.984734535217285,2
processed/keyframes/dataset=ai_challenge_2025/batch=L24/profile=autoshot_v1/video_id=L24_V005,196,58.243102073669434,2
processed/keyframes/dataset=ai_challenge_2025/batch=L24/profile=autoshot_v1/video_id=L24_V026,196,53.93798828125,2
processed/keyframes/dataset=ai_challenge_2025/batch=L24/profile=autoshot_v1/video_id=L24_V030,196,43.279056549072266,2
processed/keyframes/dataset=ai_challenge_2025/batch=L30/profile=autoshot_v1/video_id=L30_V048,193,51.83023262023926,2
processed/keyframes/dataset=ai_challenge_2025/batch=L30/profile=autoshot_v1/video_id=L30_V015,193,49.45186424255371,2
processed/keyframes/dataset=ai_challenge_2025/batch=L24/profile=autoshot_v1/video_id=L24_V035,193,41.70414733886719,2
processed/keyframes/dataset=ai_challenge_2025/batch=L30/profile=autoshot_v1/video_id=L30_V008,193,37.05351257324219,2
processed/keyframes/dataset=ai_challenge_2025/batch=L30/profile=autoshot_v1/video_id=L30_V003,193,37.00863552093506,2
processed/keyframes/dataset=ai_challenge_2025/batch=L30/profile=autoshot_v1/video_id=L30_V017,193,36.911359786987305,2
processed/keyframes/dataset=ai_challenge_2025/batch=L30/profile=autoshot_v1/video_id=L30_V090,193,35.51608943939209,2
processed/keyframes/dataset=ai_challenge_2025/batch=L30/profile=autoshot_v1/video_id=L30_V009,193,26.010799407958984,2
processed/keyframes/dataset=ai_challenge_2025/batch=L30/profile=autoshot_v1/video_id=L30_V007,190,35.62816619873047,2
processed/keyframes/dataset=ai_challenge_2025/batch=L30/profile=autoshot_v1/video_id=L30_V046,187,47.63180160522461,2
processed/keyframes/dataset=ai_challenge_2025/batch=L24/profile=autoshot_v1/video_id=L24_V033,187,40.98274612426758,2
processed/keyframes/dataset=ai_challenge_2025/batch=L30/profile=autoshot_v1/video_id=L30_V089,187,40.593071937561035,2
processed/keyframes/dataset=ai_challenge_2025/batch=L30/profile=autoshot_v1/video_id=L30_V091,187,34.68909168243408,2
processed/keyframes/dataset=ai_challenge_2025/batch=L30/profile=autoshot_v1/video_id=L30_V025,184,45.52774906158447,2
processed/keyframes/dataset=ai_challenge_2025/batch=L24/profile=autoshot_v1/video_id=L24_V037,184,42.80072784423828,2
processed/keyframes/dataset=ai_challenge_2025/batch=L24/profile=autoshot_v1/video_id=L24_V029,184,40.153639793395996,2
processed/keyframes/dataset=ai_challenge_2025/batch=L30/profile=autoshot_v1/video_id=L30_V074,184,34.03514099121094,2
processed/keyframes/dataset=ai_challenge_2025/batch=L24/profile=autoshot_v1/video_id=L24_V023,178,47.39453411102295,2
processed/keyframes/dataset=ai_challenge_2025/batch=L30/profile=autoshot_v1/video_id=L30_V060,178,46.04017734527588,2
processed/keyframes/dataset=ai_challenge_2025/batch=L30/profile=autoshot_v1/video_id=L30_V083,178,33.437737464904785,2
processed/keyframes/dataset=ai_challenge_2025/batch=L30/profile=autoshot_v1/video_id=L30_V075,178,32.435973167419434,2
processed/keyframes/dataset=ai_challenge_2025/batch=L30/profile=autoshot_v1/video_id=L30_V088,178,25.72590732574463,2
processed/keyframes/dataset=ai_challenge_2025/batch=L24/profile=autoshot_v1/video_id=L24_V022,175,49.91456985473633,2
processed/keyframes/dataset=ai_challenge_2025/batch=L23/profile=autoshot_v1/video_id=L23_V021,175,40.110572814941406,2
processed/keyframes/dataset=ai_challenge_2025/batch=L30/profile=autoshot_v1/video_id=L30_V054,175,23.05945873260498,2
processed/keyframes/dataset=ai_challenge_2025/batch=L30/profile=autoshot_v1/video_id=L30_V024,175,22.408233642578125,2
processed/keyframes/dataset=ai_challenge_2025/batch=L24/profile=autoshot_v1/video_id=L24_V009,172,48.96600341796875,2
processed/keyframes/dataset=ai_challenge_2025/batch=L30/profile=autoshot_v1/video_id=L30_V047,172,34.70469665527344,2
processed/keyframes/dataset=ai_challenge_2025/batch=L30/profile=autoshot_v1/video_id=L30_V043,172,34.32092475891113,2
processed/keyframes/dataset=ai_challenge_2025/batch=L30/profile=autoshot_v1/video_id=L30_V092,169,36.4757776260376,2
processed/keyframes/dataset=ai_challenge_2025/batch=L24/profile=autoshot_v1/video_id=L24_V024,166,47.30122470855713,2
processed/keyframes/dataset=ai_challenge_2025/batch=L30/profile=autoshot_v1/video_id=L30_V001,166,34.20658206939697,2
processed/keyframes/dataset=ai_challenge_2025/batch=L24/profile=autoshot_v1/video_id=L24_V008,160,45.935336112976074,2
processed/keyframes/dataset=ai_challenge_2025/batch=L24/profile=autoshot_v1/video_id=L24_V025,160,43.59142875671387,2
processed/keyframes/dataset=ai_challenge_2025/batch=L24/profile=autoshot_v1/video_id=L24_V014,160,41.43560600280762,2
processed/keyframes/dataset=ai_challenge_2025/batch=L24/profile=autoshot_v1/video_id=L24_V013,157,42.15926170349121,2
processed/keyframes/dataset=ai_challenge_2025/batch=L24/profile=autoshot_v1/video_id=L24_V027,157,33.01868915557861,2
processed/keyframes/dataset=ai_challenge_2025/batch=L30/profile=autoshot_v1/video_id=L30_V023,154,35.10791206359863,2
processed/keyframes/dataset=ai_challenge_2025/batch=L30/profile=autoshot_v1/video_id=L30_V055,154,29.432318687438965,2
processed/keyframes/dataset=ai_challenge_2025/batch=L30/profile=autoshot_v1/video_id=L30_V094,154,28.915456771850586,2
processed/keyframes/dataset=ai_challenge_2025/batch=L30/profile=autoshot_v1/video_id=L30_V002,154,26.38591766357422,2
processed/keyframes/dataset=ai_challenge_2025/batch=L24/profile=autoshot_v1/video_id=L24_V021,151,43.097551345825195,2
processed/keyframes/dataset=ai_challenge_2025/batch=L24/profile=autoshot_v1/video_id=L24_V007,151,43.00728702545166,2
processed/keyframes/dataset=ai_challenge_2025/batch=L30/profile=autoshot_v1/video_id=L30_V078,151,28.195088386535645,2
processed/keyframes/dataset=ai_challenge_2025/batch=L24/profile=autoshot_v1/video_id=L24_V020,148,41.70056915283203,2
processed/keyframes/dataset=ai_challenge_2025/batch=L24/profile=autoshot_v1/video_id=L24_V019,148,40.096768379211426,2
processed/keyframes/dataset=ai_challenge_2025/batch=L24/profile=autoshot_v1/video_id=L24_V038,148,34.063387870788574,2
processed/keyframes/dataset=ai_challenge_2025/batch=L30/profile=autoshot_v1/video_id=L30_V053,145,27.910489082336426,2
processed/keyframes/dataset=ai_challenge_2025/batch=L30/profile=autoshot_v1/video_id=L30_V010,145,26.102270126342773,2
processed/keyframes/dataset=ai_challenge_2025/batch=L24/profile=autoshot_v1/video_id=L24_V006,142,39.26345634460449,2
processed/keyframes/dataset=ai_challenge_2025/batch=L24/profile=autoshot_v1/video_id=L24_V016,139,31.415066719055176,2
processed/keyframes/dataset=ai_challenge_2025/batch=L24/profile=autoshot_v1/video_id=L24_V039,139,30.44747829437256,2
processed/keyframes/dataset=ai_challenge_2025/batch=L30/profile=autoshot_v1/video_id=L30_V063,139,28.222900390625,2
processed/keyframes/dataset=ai_challenge_2025/batch=L30/profile=autoshot_v1/video_id=L30_V026,139,27.992406845092773,2
processed/keyframes/dataset=ai_challenge_2025/batch=L30/profile=autoshot_v1/video_id=L30_V096,139,21.399993896484375,2
processed/keyframes/dataset=ai_challenge_2025/batch=L30/profile=autoshot_v1/video_id=L30_V032,139,20.833958625793457,2
processed/keyframes/dataset=ai_challenge_2025/batch=L24/profile=autoshot_v1/video_id=L24_V010,136,38.67440223693848,2
processed/keyframes/dataset=ai_challenge_2025/batch=L30/profile=autoshot_v1/video_id=L30_V084,136,31.45925998687744,2
processed/keyframes/dataset=ai_challenge_2025/batch=L30/profile=autoshot_v1/video_id=L30_V038,136,23.615663528442383,2
processed/keyframes/dataset=ai_challenge_2025/batch=L23/profile=autoshot_v1/video_id=L23_V007,136,23.184324264526367,2
processed/keyframes/dataset=ai_challenge_2025/batch=L30/profile=autoshot_v1/video_id=L30_V061,133,19.720064163208008,2
processed/keyframes/dataset=ai_challenge_2025/batch=L30/profile=autoshot_v1/video_id=L30_V034,130,26.524373054504395,2
processed/keyframes/dataset=ai_challenge_2025/batch=L30/profile=autoshot_v1/video_id=L30_V039,130,18.886728286743164,2
processed/keyframes/dataset=ai_challenge_2025/batch=L30/profile=autoshot_v1/video_id=L30_V044,127,23.395241737365723,2
processed/keyframes/dataset=ai_challenge_2025/batch=L30/profile=autoshot_v1/video_id=L30_V081,127,21.02631664276123,2
processed/keyframes/dataset=ai_challenge_2025/batch=L30/profile=autoshot_v1/video_id=L30_V073,124,27.16170310974121,2
processed/keyframes/dataset=ai_challenge_2025/batch=L30/profile=autoshot_v1/video_id=L30_V069,121,31.048970222473145,2
processed/keyframes/dataset=ai_challenge_2025/batch=L30/profile=autoshot_v1/video_id=L30_V093,121,29.289947509765625,2
processed/keyframes/dataset=ai_challenge_2025/batch=L30/profile=autoshot_v1/video_id=L30_V066,121,25.421226501464844,2
processed/keyframes/dataset=ai_challenge_2025/batch=L23/profile=autoshot_v1/video_id=L23_V002,121,23.236937522888184,2
processed/keyframes/dataset=ai_challenge_2025/batch=L23/profile=autoshot_v1/video_id=L23_V019,118,27.310503005981445,2
processed/keyframes/dataset=ai_challenge_2025/batch=L30/profile=autoshot_v1/video_id=L30_V068,118,25.877507209777832,2
processed/keyframes/dataset=ai_challenge_2025/batch=L23/profile=autoshot_v1/video_id=L23_V020,118,25.449660301208496,2
processed/keyframes/dataset=ai_challenge_2025/batch=L30/profile=autoshot_v1/video_id=L30_V027,118,25.248783111572266,2
processed/keyframes/dataset=ai_challenge_2025/batch=L23/profile=autoshot_v1/video_id=L23_V003,118,25.230692863464355,2
processed/keyframes/dataset=ai_challenge_2025/batch=L24/profile=autoshot_v1/video_id=L24_V017,118,22.774993896484375,2
processed/keyframes/dataset=ai_challenge_2025/batch=L30/profile=autoshot_v1/video_id=L30_V006,115,23.000967979431152,2
processed/keyframes/dataset=ai_challenge_2025/batch=L30/profile=autoshot_v1/video_id=L30_V018,115,17.253411293029785,2
processed/keyframes/dataset=ai_challenge_2025/batch=L30/profile=autoshot_v1/video_id=L30_V031,112,28.78159809112549,2
processed/keyframes/dataset=ai_challenge_2025/batch=L23/profile=autoshot_v1/video_id=L23_V004,112,24.779738426208496,2
processed/keyframes/dataset=ai_challenge_2025/batch=L30/profile=autoshot_v1/video_id=L30_V076,112,24.740511894226074,2
processed/keyframes/dataset=ai_challenge_2025/batch=L30/profile=autoshot_v1/video_id=L30_V019,112,23.969950675964355,2
processed/keyframes/dataset=ai_challenge_2025/batch=L30/profile=autoshot_v1/video_id=L30_V080,112,23.31724739074707,2
processed/keyframes/dataset=ai_challenge_2025/batch=L30/profile=autoshot_v1/video_id=L30_V086,112,18.65487766265869,2
processed/keyframes/dataset=ai_challenge_2025/batch=L30/profile=autoshot_v1/video_id=L30_V077,109,24.104881286621094,2
processed/keyframes/dataset=ai_challenge_2025/batch=L30/profile=autoshot_v1/video_id=L30_V049,109,22.93645668029785,2
processed/keyframes/dataset=ai_challenge_2025/batch=L23/profile=autoshot_v1/video_id=L23_V011,106,27.767419815063477,2
processed/keyframes/dataset=ai_challenge_2025/batch=L30/profile=autoshot_v1/video_id=L30_V065,106,20.111522674560547,2
processed/keyframes/dataset=ai_challenge_2025/batch=L30/profile=autoshot_v1/video_id=L30_V079,103,28.99086093902588,2
processed/keyframes/dataset=ai_challenge_2025/batch=L30/profile=autoshot_v1/video_id=L30_V050,103,16.507524490356445,2
raw/source=kaggle/dataset=ai_challenge_2025/source_version=kaggle_current/batch=L26/ai-challenge-2025/Videos/Videos/Videos_L26_c/video,100,6583.106297492981,1
raw/source=kaggle/dataset=ai_challenge_2025/source_version=kaggle_current/batch=L26/ai-challenge-2025/Videos/Videos/Videos_L26_b/video,100,6522.911246299744,1
raw/source=kaggle/dataset=ai_challenge_2025/source_version=kaggle_current/batch=L26/ai-challenge-2025/Videos/Videos/Videos_L26_d/video,100,6459.419242858887,1
processed/keyframes/dataset=ai_challenge_2025/batch=L23/profile=autoshot_v1/video_id=L23_V006,100,22.21192455291748,2
processed/keyframes/dataset=ai_challenge_2025/batch=L23/profile=autoshot_v1/video_id=L23_V010,100,20.73466205596924,2
raw/source=kaggle/dataset=ai_challenge_2025/source_version=kaggle_current/batch=L26/ai-challenge-2025/Videos/Videos/Videos_L26_e/video,99,6618.429122924805,1
raw/source=kaggle/dataset=ai_challenge_2025/source_version=kaggle_current/batch=L26/ai-challenge-2025/Videos/Videos/Videos_L26_a/video,99,6282.220715522766,1
processed/keyframes/dataset=ai_challenge_2025/batch=L23/profile=autoshot_v1/video_id=L23_V023,97,22.99382495880127,2
processed/keyframes/dataset=ai_challenge_2025/batch=L30/profile=autoshot_v1/video_id=L30_V085,97,18.809083938598633,2
processed/keyframes/dataset=ai_challenge_2025/batch=L30/profile=autoshot_v1/video_id=L30_V014,97,17.606613159179688,2
processed/keyframes/dataset=ai_challenge_2025/batch=L30/profile=autoshot_v1/video_id=L30_V051,97,17.309865951538086,2
raw/source=kaggle/dataset=ai_challenge_2025/source_version=kaggle_current/batch=L30/ai-challenge-2025/Videos/Videos/Video_L30_a/video,96,3945.7761058807373,1
processed/keyframes/dataset=ai_challenge_2025/batch=L23/profile=autoshot_v1/video_id=L23_V018,94,21.339797019958496,2
processed/keyframes/dataset=ai_challenge_2025/batch=L30/profile=autoshot_v1/video_id=L30_V059,94,17.344934463500977,2
processed/keyframes/dataset=ai_challenge_2025/batch=L30/profile=autoshot_v1/video_id=L30_V067,94,13.881572723388672,2
processed/keyframes/dataset=ai_challenge_2025/batch=L23/profile=autoshot_v1/video_id=L23_V024,91,23.542724609375,2
processed/keyframes/dataset=ai_challenge_2025/batch=L23/profile=autoshot_v1/video_id=L23_V022,91,20.86754035949707,2
processed/keyframes/dataset=ai_challenge_2025/batch=L30/profile=autoshot_v1/video_id=L30_V070,91,12.508055686950684,2
raw/source=kaggle/dataset=ai_challenge_2025/source_version=kaggle_current/batch=L25/ai-challenge-2025/Videos/Videos/Videos_L25_a/video,88,12254.04636001587,1
processed/keyframes/dataset=ai_challenge_2025/batch=L24/profile=autoshot_v1/video_id=L24_V036,88,19.68992805480957,2
processed/keyframes/dataset=ai_challenge_2025/batch=L30/profile=autoshot_v1/video_id=L30_V082,88,17.184345245361328,2
processed/keyframes/dataset=ai_challenge_2025/batch=L23/profile=autoshot_v1/video_id=L23_V014,85,22.76713752746582,2
processed/keyframes/dataset=ai_challenge_2025/batch=L23/profile=autoshot_v1/video_id=L23_V017,85,18.6954288482666,2
processed/keyframes/dataset=ai_challenge_2025/batch=L23/profile=autoshot_v1/video_id=L23_V012,85,16.500632286071777,2
processed/keyframes/dataset=ai_challenge_2025/batch=L30/profile=autoshot_v1/video_id=L30_V042,85,14.412985801696777,2
processed/keyframes/dataset=ai_challenge_2025/batch=L30/profile=autoshot_v1/video_id=L30_V072,79,21.429051399230957,2
processed/keyframes/dataset=ai_challenge_2025/batch=L23/profile=autoshot_v1/video_id=L23_V016,76,17.7929630279541,2
processed/keyframes/dataset=ai_challenge_2025/batch=L23/profile=autoshot_v1/video_id=L23_V005,76,16.66720962524414,2
processed/keyframes/dataset=ai_challenge_2025/batch=L30/profile=autoshot_v1/video_id=L30_V016,76,15.496846199035645,2
processed/keyframes/dataset=ai_challenge_2025/batch=L30/profile=autoshot_v1/video_id=L30_V020,76,12.232537269592285,2
processed/keyframes/dataset=ai_challenge_2025/batch=L30/profile=autoshot_v1/video_id=L30_V036,73,17.225915908813477,2
processed/keyframes/dataset=ai_challenge_2025/batch=L23/profile=autoshot_v1/video_id=L23_V013,73,15.885904312133789,2
processed/keyframes/dataset=ai_challenge_2025/batch=L30/profile=autoshot_v1/video_id=L30_V035,70,18.735957145690918,2
processed/keyframes/dataset=ai_challenge_2025/batch=L30/profile=autoshot_v1/video_id=L30_V087,70,17.016139030456543,2
processed/keyframes/dataset=ai_challenge_2025/batch=L30/profile=autoshot_v1/video_id=L30_V011,70,15.953712463378906,2
processed/keyframes/dataset=ai_challenge_2025/batch=L23/profile=autoshot_v1/video_id=L23_V009,70,14.858870506286621,2
processed/keyframes/dataset=ai_challenge_2025/batch=L30/profile=autoshot_v1/video_id=L30_V013,70,13.888334274291992,2
processed/keyframes/dataset=ai_challenge_2025/batch=L30/profile=autoshot_v1/video_id=L30_V071,67,15.908985137939453,2
processed/keyframes/dataset=ai_challenge_2025/batch=L30/profile=autoshot_v1/video_id=L30_V057,67,7.215306282043457,2
processed/keyframes/dataset=ai_challenge_2025/batch=L30/profile=autoshot_v1/video_id=L30_V022,64,11.917153358459473,2
processed/keyframes/dataset=ai_challenge_2025/batch=L30/profile=autoshot_v1/video_id=L30_V040,64,8.308499336242676,2
processed/keyframes/dataset=ai_challenge_2025/batch=L30/profile=autoshot_v1/video_id=L30_V058,61,13.862271308898926,2
processed/keyframes/dataset=ai_challenge_2025/batch=L23/profile=autoshot_v1/video_id=L23_V015,58,11.538625717163086,2
processed/keyframes/dataset=ai_challenge_2025/batch=L23/profile=autoshot_v1/video_id=L23_V008,55,12.12703800201416,2
raw/source=kaggle/dataset=ai_challenge_2025/source_version=kaggle_current/batch=L25/ai-challenge-2025/Videos/Videos/Videos_L25_a1/video,49,6948.337735176086,1
processed/keyframes/dataset=ai_challenge_2025/batch=L24/profile=autoshot_v1/video_id=L24_V012,49,12.477628707885742,2
processed/keyframes/dataset=ai_challenge_2025/batch=L23/profile=autoshot_v1/video_id=L23_V001,49,10.780016899108887,2
processed/keyframes/dataset=ai_challenge_2025/batch=L30/profile=autoshot_v1/video_id=L30_V005,49,10.278836250305176,2
processed/keyframes/dataset=ai_challenge_2025/batch=L24/profile=autoshot_v1/video_id=L24_V041,49,7.600444793701172,2
processed/keyframes/dataset=ai_challenge_2025/batch=L30/profile=autoshot_v1/video_id=L30_V004,49,6.849023818969727,2
processed/keyframes/dataset=ai_challenge_2025/batch=L30/profile=autoshot_v1/video_id=L30_V021,49,5.815886497497559,2
processed/keyframes/dataset=ai_challenge_2025/batch=L24/profile=autoshot_v1/video_id=L24_V044,46,7.894406318664551,2
raw/source=kaggle/dataset=ai_challenge_2025/source_version=kaggle_current/batch=L24/ai-challenge-2025/Videos/Videos/Videos_L24_a/video,43,5527.684757232666,1
processed/keyframes/dataset=ai_challenge_2025/batch=L30/profile=autoshot_v1/video_id=L30_V041,43,6.286710739135742,2
processed/keyframes/dataset=ai_challenge_2025/batch=L24/profile=autoshot_v1/video_id=L24_V045,43,6.1603899002075195,2
raw/source=kaggle/dataset=ai_challenge_2025/source_version=kaggle_current/batch=L25/ai-challenge-2025/Videos/Videos/Videos_L25_b/video,39,5305.708624839783,1
processed/keyframes/dataset=ai_challenge_2025/batch=L24/profile=autoshot_v1/video_id=L24_V040,37,5.010977745056152,2
raw/source=kaggle/dataset=ai_challenge_2025/source_version=kaggle_current/batch=L22/ai-challenge-2025/Videos/Videos/Videos_L22_a/video,31,3962.0683727264404,1
raw/source=kaggle/dataset=ai_challenge_2025/source_version=kaggle_current/batch=L21/ai-challenge-2025/Videos/Videos/Videos_L21_a/video,29,3222.4126358032227,1
raw/source=kaggle/dataset=ai_challenge_2025/source_version=kaggle_current/batch=L23/ai-challenge-2025/Videos/Videos/Videos_L23_a/video,25,1948.393539428711,1
raw/source=kaggle/dataset=ai_challenge_2025/source_version=kaggle_current/batch=L28/ai-challenge-2025/Videos/Videos/Videos_L28_a/video,24,6937.486060142517,1
raw/source=kaggle/dataset=ai_challenge_2025/source_version=kaggle_current/batch=L29/ai-challenge-2025/Videos/Videos/Videos_L29_a/video,23,6453.662085533142,1
raw/source=kaggle/dataset=ai_challenge_2025/source_version=kaggle_current/batch=L27/ai-challenge-2025/Videos/Videos/Videos_L27_a/video,16,2422.1317205429077,1
processed/keyframes_manifests/dataset=ai_challenge_2025/batch=L26/profile=autoshot_v1/run_id=full_l26_20260719T195028Z_149024ca,7,96.02146244049072,5
processed/keyframes_manifests/dataset=ai_challenge_2025/batch=L25/profile=autoshot_v1/run_id=full_l25_20260719T125510Z_729f13c1,7,46.40470314025879,5
processed/keyframes_manifests/dataset=ai_challenge_2025/batch=L22/profile=autoshot_v1/run_id=full_l22_20260713T132415Z_2f1e32b8,7,19.903181076049805,5
processed/keyframes_manifests/dataset=ai_challenge_2025/batch=L28/profile=autoshot_v1/run_id=full_l28_20260715T021710Z_43151145,7,9.993311882019043,5
processed/keyframes_manifests/dataset=ai_challenge_2025/batch=L29/profile=autoshot_v1/run_id=full_l29_20260715T033345Z_30e17caf,7,9.408523559570312,5
processed/keyframes_manifests/dataset=ai_challenge_2025/batch=L30/profile=autoshot_v1/run_id=full_l30_20260715T044607Z_3fc2a24c,7,8.345251083374023,5
processed/keyframes_manifests/dataset=ai_challenge_2025/batch=L27/profile=autoshot_v1/run_id=full_l27_20260715T014659Z_0e797b31,7,5.576193809509277,5
processed/keyframes_manifests/dataset=ai_challenge_2025/batch=L24/profile=autoshot_v1/run_id=full_l24_20260713T152115Z_14797aa4,7,4.609078407287598,5
processed/keyframes_manifests/dataset=ai_challenge_2025/batch=L24/profile=autoshot_v1/run_id=demo_20260713T121139Z_041145d1,7,4.581409454345703,5
processed/keyframes_manifests/dataset=ai_challenge_2025/batch=L23/profile=autoshot_v1/run_id=full_l23_20260713T145915Z_58c5300c,7,1.6017875671386719,5
processed/keyframes_manifests/dataset=ai_challenge_2025/batch=L21/profile=autoshot_v1/run_id=demo_20260713T103630Z_4360bc8c,7,1.2160282135009766,5
processed/keyframes_manifests/dataset=ai_challenge_2025/batch=L21/profile=autoshot_v1/run_id=demo_20260713T091628Z_0b8aad0f,7,1.2155323028564453,5
processed/keyframes_manifests/dataset=ai_challenge_2025/batch=L23/profile=autoshot_v1/run_id=demo_20260713T111704Z_e707d25e,7,0.7086772918701172,5
processed/keyframes_manifests/dataset=ai_challenge_2025/batch=L26/profile=autoshot_v1/run_id=full_l26_20260714T190640Z_d1a3bc48,6,93.51278018951416,4
processed/keyframes_manifests/dataset=ai_challenge_2025/batch=L21/profile=autoshot_v1/run_id=full_autoshot_l21_20260709_193632/results,6,16.80231475830078,3
features/extractors/dataset=ai_challenge_2025/batch=L21/frame_profile=autoshot_v1/extractor=captioning/extractor_version=fe-captioning-v2.2/model=qwen3_vl_4b/runs/run_id=full_l21_20260802T100817Z_8ca1432a,6,3.54622745513916,5
features/extractors/dataset=ai_challenge_2025/batch=L21/frame_profile=autoshot_v1/extractor=captioning/extractor_version=fe-captioning-v2.2/model=qwen3_vl_4b/runs/run_id=demo_20260802T100336Z_40a35619,6,0.06832313537597656,5
processed/keyframes_manifests/dataset=ai_challenge_2025/batch=L21/profile=autoshot_v1/run_id=demo_20260713T090636Z_32192d48,6,0.008942604064941406,4
features/extractors/dataset=ai_challenge_2025/batch=L26/frame_profile=autoshot_v1/extractor=object_detection/extractor_version=fe-object-detection-v1/run_id=full_l26_part1_20260811T021121Z_292768bc,5,112.31320571899414,5
features/extractors/dataset=ai_challenge_2025/batch=L26/frame_profile=autoshot_v1/extractor=object_detection/extractor_version=fe-object-detection-v1/run_id=full_l26_part2_20260811T025301Z_507c2dbf,5,109.26035785675049,5
features/extractors/dataset=ai_challenge_2025/batch=L25/frame_profile=autoshot_v1/extractor=object_detection/extractor_version=fe-object-detection-v1/run_id=full_l25_20260810T090337Z_a8a255f0,5,105.70685768127441,5
features/extractors/dataset=ai_challenge_2025/batch=L22/frame_profile=autoshot_v1/extractor=ocr/extractor_version=fe-ocr-v1/run_id=full_l22_20260719T070117Z_461af57d,5,63.2556209564209,5
features/extractors/dataset=ai_challenge_2025/batch=L22/frame_profile=autoshot_v1/extractor=object_detection/extractor_version=fe-object-detection-v1/run_id=full_l22_20260719T051248Z_981c8b97,5,57.86965847015381,5
features/extractors/dataset=ai_challenge_2025/batch=L22/frame_profile=autoshot_v1/extractor=object_detection/extractor_version=fe-object-detection-v1/run_id=full_l22_20260810T054419Z_d57adf8c,5,42.99632263183594,5
features/extractors/dataset=ai_challenge_2025/batch=L30/frame_profile=autoshot_v1/extractor=object_detection/extractor_version=fe-object-detection-v1/run_id=full_l30_20260719T095029Z_2c83eb5a,5,23.603882789611816,5
features/extractors/dataset=ai_challenge_2025/batch=L28/frame_profile=autoshot_v1/extractor=object_detection/extractor_version=fe-object-detection-v1/run_id=full_l28_20260719T093941Z_9a41d89d,5,23.332676887512207,5
features/extractors/dataset=ai_challenge_2025/batch=L29/frame_profile=autoshot_v1/extractor=object_detection/extractor_version=fe-object-detection-v1/run_id=full_l29_20260719T092339Z_d8b51d4e,5,22.25428009033203,5
features/extractors/dataset=ai_challenge_2025/batch=L28/frame_profile=autoshot_v1/extractor=object_detection/extractor_version=fe-object-detection-v1/run_id=full_l28_20260810T091240Z_dd7e8175,5,18.787718772888184,5
features/extractors/dataset=ai_challenge_2025/batch=L29/frame_profile=autoshot_v1/extractor=object_detection/extractor_version=fe-object-detection-v1/run_id=full_l29_20260810T084356Z_28a4426e,5,17.847976684570312,5
features/extractors/dataset=ai_challenge_2025/batch=L30/frame_profile=autoshot_v1/extractor=object_detection/extractor_version=fe-object-detection-v1/run_id=full_l30_20260810T081737Z_a779eaf3,5,17.754436492919922,5
processed/keyframes_manifests/dataset=ai_challenge_2025/batch=L21/profile=autoshot_v1/run_id=full_autoshot_l21_20260709_193632,5,16.828492164611816,4
features/extractors/dataset=ai_challenge_2025/batch=L27/frame_profile=autoshot_v1/extractor=object_detection/extractor_version=fe-object-detection-v1/run_id=full_l27_20260719T092322Z_e41fbbf6,5,13.470961570739746,5
features/extractors/dataset=ai_challenge_2025/batch=L24/frame_profile=autoshot_v1/extractor=object_detection/extractor_version=fe-object-detection-v1/run_id=full_l24_20260719T061303Z_0c0b15ea,5,12.841389656066895,5
features/extractors/dataset=ai_challenge_2025/batch=L27/frame_profile=autoshot_v1/extractor=object_detection/extractor_version=fe-object-detection-v1/run_id=full_l27_20260810T095142Z_b983203e,5,10.7371244430542,5
features/extractors/dataset=ai_challenge_2025/batch=L24/frame_profile=autoshot_v1/extractor=object_detection/extractor_version=fe-object-detection-v1/run_id=full_l24_20260810T070755Z_e96b8259,5,9.642939567565918,5
features/extractors/dataset=ai_challenge_2025/batch=L24/frame_profile=autoshot_v1/extractor=ocr/extractor_version=fe-ocr-v1/run_id=full_l24_20260719T114104Z_d5e4879e,5,9.551231384277344,5
features/extractors/dataset=ai_challenge_2025/batch=L23/frame_profile=autoshot_v1/extractor=object_detection/extractor_version=fe-object-detection-v1/run_id=full_l23_20260719T060811Z_59b21bba,5,7.417995452880859,5
features/extractors/dataset=ai_challenge_2025/batch=L23/frame_profile=autoshot_v1/extractor=object_detection/extractor_version=fe-object-detection-v1/run_id=full_l23_20260810T065438Z_1d935849,5,4.851688385009766,5
features/extractors/dataset=ai_challenge_2025/batch=L23/frame_profile=autoshot_v1/extractor=ocr/extractor_version=fe-ocr-v1/run_id=full_l23_20260719T112341Z_37475422,5,3.9709720611572266,5
features/extractors/dataset=ai_challenge_2025/batch=L21/frame_profile=autoshot_v1/extractor=ocr/extractor_version=fe-ocr-v1/run_id=full_l21_20260719T064450Z_6876c339,5,3.498234748840332,5
features/extractors/dataset=ai_challenge_2025/batch=L21/frame_profile=autoshot_v1/extractor=object_detection/extractor_version=fe-object-detection-v1/run_id=full_l21_20260810T053426Z_2fd88279,5,2.4516096115112305,5
features/extractors/dataset=ai_challenge_2025/batch=L21/frame_profile=autoshot_v1/extractor=ocr/extractor_version=fe-ocr-v1/run_id=demo_20260719T063632Z_2c2aa41a,5,0.10652542114257812,5
features/extractors/dataset=ai_challenge_2025/batch=L21/frame_profile=autoshot_v1/extractor=object_detection/extractor_version=fe-object-detection-v1/run_id=demo_20260719T044453Z_449323fa,5,0.08868598937988281,5
features/extractors/dataset=ai_challenge_2025/batch=L21/frame_profile=autoshot_v1/extractor=object_detection/extractor_version=fe-object-detection-v1/run_id=demo_20260810T052742Z_4a7d72d4,5,0.07336044311523438,5
features/extractors/dataset=ai_challenge_2025/batch=L21/frame_profile=autoshot_v1/extractor=object_detection/extractor_version=fe-object-detection-v1/run_id=demo_20260810T052708Z_1ee5365b,5,0.07335853576660156,5
features/import_bundles/dataset=ai_challenge_2025/batch=L21/frame_profile=autoshot_v1/run_id=coverage_patch_l21_20260813T152454Z/metadata_backups,5,0.007099151611328125,1
features/extractors/dataset=ai_challenge_2025/batch=L21/frame_profile=autoshot_v1/extractor=object_detection/extractor_version=fe-object-detection-v1/run_id=full_l21_20260719T044559Z_9902a61a,4,3.10805606842041,4
features/extractors/dataset=ai_challenge_2025/batch=L21/frame_profile=autoshot_v1/extractor=object_detection/extractor_version=fe-object-detection-v1/run_id=full_l21_20260719T045802Z_5012688c,4,0.08914566040039062,4
features/extractors/dataset=ai_challenge_2025/batch=L21/frame_profile=autoshot_v1/extractor=object_detection/extractor_version=fe-object-detection-v1/run_id=demo_20260810T052145Z_51233ecd,4,0.04990863800048828,4
features/extractors/dataset=ai_challenge_2025/batch=L21/frame_profile=autoshot_v1/extractor=captioning/extractor_version=fe-captioning-v2.2/model=qwen3_vl_4b/data,3,3.4883041381835938,3
manifests/pipeline=kaggle_ingest/run_id=20260707T132640Z_6e747af8,3,0.9629459381103516,2
processed/keyframes_manifests/dataset=ai_challenge_2025/batch=L21/profile=autoshot_v1/run_id=smoke_autoshot_l21_001/results,3,0.6711044311523438,3
manifests/pipeline=kaggle_ingest/run_id=20260702T141333Z_80c68882,3,0.08348655700683594,2
manifests/pipeline=kaggle_ingest/run_id=20260707T104254Z_3ee11a1c,3,0.08347892761230469,2
manifests/pipeline=kaggle_ingest/run_id=20260702T142821Z_938002a0,3,0.08347797393798828,2
manifests/pipeline=kaggle_ingest/run_id=20260702T144306Z_36d77b92,3,0.08347797393798828,2
manifests/pipeline=kaggle_ingest/run_id=20260702T145752Z_289afff3,3,0.08347797393798828,2
manifests/pipeline=kaggle_ingest/run_id=20260702T151354Z_b1475415,3,0.08347797393798828,2
processed/keyframes_manifests/dataset=ai_challenge_2025/batch=L22/profile=autoshot_v1/run_id=full_autoshot_l22_20260709_193632,3,0.02667999267578125,2
manifests/pipeline=kaggle_ingest/run_id=20260702T134541Z_b6d0cb2f,3,0.02591705322265625,2
manifests/pipeline=kaggle_ingest/run_id=20260707T102455Z_b92f8031,3,0.025908470153808594,2
manifests/pipeline=kaggle_ingest/run_id=20260707T100137Z_c3caedb8,3,0.0031175613403320312,2
manifests/pipeline=kaggle_ingest/run_id=20260707T105953Z_0de2cb82,3,0.003101348876953125,2
manifests/pipeline=kaggle_ingest/run_id=20260701T114411Z_ebe016fc,3,0.0025396347045898438,2
manifests/pipeline=kaggle_ingest/run_id=20260707T100546Z_5c261ae3,3,0.002532958984375,2
manifests/pipeline=kaggle_ingest/run_id=20260707T023233Z_257cc35d,3,0.001712799072265625,2
features/extractors/dataset=ai_challenge_2025/batch=L21/frame_profile=autoshot_v1/extractor=ocr/extractor_version=fe-ocr-v1/run_id=demo_20260719T064006Z_0b7686d8,3,0.0008392333984375,3
features/patches/dataset=ai_challenge_2025/batch=L21/frame_profile=autoshot_v1/run_id=coverage_patch_l21_20260813T152454Z,2,61.13386058807373,2
logs/pipeline=kaggle_ingest/run_id=20260707T132640Z_6e747af8,2,0.32944393157958984,2
logs/pipeline=kaggle_ingest/run_id=20260702T141333Z_80c68882,2,0.030066490173339844,2
logs/pipeline=kaggle_ingest/run_id=20260707T104254Z_3ee11a1c,2,0.027734756469726562,2
logs/pipeline=kaggle_ingest/run_id=20260702T142821Z_938002a0,2,0.027727127075195312,2
logs/pipeline=kaggle_ingest/run_id=20260702T144306Z_36d77b92,2,0.027727127075195312,2
logs/pipeline=kaggle_ingest/run_id=20260702T145752Z_289afff3,2,0.027727127075195312,2
logs/pipeline=kaggle_ingest/run_id=20260702T151354Z_b1475415,2,0.027727127075195312,2
processed/keyframes_manifests/dataset=ai_challenge_2025/batch=L22/profile=autoshot_v1/run_id=full_autoshot_l22_20260709_193632/shards,2,0.02571868896484375,1
processed/keyframes_manifests/dataset=ai_challenge_2025/batch=L21/profile=autoshot_v1/run_id=full_autoshot_l21_20260709_193632/shards,2,0.02405071258544922,1
logs/pipeline=kaggle_ingest/run_id=20260702T134541Z_b6d0cb2f,2,0.009699821472167969,2
logs/pipeline=kaggle_ingest/run_id=20260707T102455Z_b92f8031,2,0.009021759033203125,2
logs/pipeline=kaggle_ingest/run_id=20260701T114411Z_ebe016fc,2,0.0014238357543945312,2
logs/pipeline=kaggle_ingest/run_id=20260707T100546Z_5c261ae3,2,0.001377105712890625,2
logs/pipeline=kaggle_ingest/run_id=20260707T100137Z_c3caedb8,2,0.0012159347534179688,2
logs/pipeline=kaggle_ingest/run_id=20260707T105953Z_0de2cb82,2,0.0011911392211914062,2
logs/pipeline=kaggle_ingest/run_id=20260707T023233Z_257cc35d,2,0.0011444091796875,2
features/extractors/dataset=ai_challenge_2025/batch=L21/frame_profile=autoshot_v1/extractor=object_detection/extractor_version=fe-object-detection-v1/run_id=demo_20260719T044553Z_47280a6f,2,0.0008373260498046875,2
processed/feature-annotations/fe-vector-embedding-v1/vector_embedding-demo-20260718_175345-9f395bb1/annotations,1,0.3876609802246094,1
features/import_bundles/dataset=ai_challenge_2025/batch=L21/frame_profile=autoshot_v1,1,0.005309104919433594,1
features/import_bundles/dataset=ai_challenge_2025/batch=L21/frame_profile=autoshot_v1/run_id=coverage_patch_l21_20260813T152454Z,1,0.005309104919433594,1
features/extractors/dataset=ai_challenge_2025/batch=L21/frame_profile=autoshot_v1/extractor=captioning/extractor_version=fe-captioning-v2.2/model=qwen3_vl_4b,1,0.002613067626953125,1
processed/feature-annotations/fe-vector-embedding-v1/vector_embedding-demo-20260718_175345-9f395bb1,1,0.0017099380493164062,1
processed/feature-annotations/fe-vector-embedding-v1/vector_embedding-demo-20260718_174024-59916b7d,1,0.001155853271484375,1
features/patches/dataset=ai_challenge_2025/batch=L21/frame_profile=autoshot_v1,1,0.0007619857788085938,1
